# File generated by CMD 3.8 (http://stev.oapd.inaf.it/cmd) on Tue Feb 25 10:06:29 UTC 2025
# isochrones based on PARSEC release v1.2S +  COLIBRI S_37 + S_35 + PR16
# Basic references: Bressan et al. (2012), MNRAS, 427, 127 + Chen et al. (2014, 2015), MNRAS, 444, 2525 + MNRAS, 452, 1068 + Tang et al. (2014), MNRAS, 445, 4287 + Marigo et al. (2017), ApJ, 835, 77 + Pastorelli al. (2019), MNRAS, 485, 5666 + Pastorelli al. (2020), MNRAS, in press
# Thermal pulse cycles included 
# On RGB, assumed Reimers mass loss with efficiency eta=0.2
# LPV periods and growth rates added cf. Trabucchi et al. (2019)
# but fundamental-mode LPV periods + transition are from Trabucchi et al. (2021)
# Photometric system: HST/ACS WFC - updated filters and zeropoints, 2021
# Using YBC version of bolometric corrections as in Chen et al. (2019)
# O-rich circumstellar dpmod60alox40 dust from Groenewegen (2006)
# C-rich circumstellar AMCSIC15 dust from Groenewegen (2006)
# IMF: Kroupa (2001, 2002) + Kroupa et al. (2013) canonical two-part-power law IMF corrected for unresolved binaries 
# Kind of output: isochrone tables
 Zini     MH   logAge Mini        int_IMF         Mass   logL    logTe  logg  label   McoreTP C_O  period0  period1  period2  period3  period4  pmode  Mloss  tau1m   X   Y   Xc  Xn  Xo  Cexcess  Z 	 mbolmag  F435Wmag  F475Wmag  F555Wmag  F606Wmag  F625Wmag  F775Wmag  F814Wmag
0.0060543 -0.40000 9.29003 0.0899999961 1.0816895212    0.090 -3.346  3.3971  5.278    0  0.000  0.545     0.00     0.00     0.00     0.00     0.00 -1 -4.35e-17      0.00 7.345e-01 2.594e-01 1.090e-03 2.941e-04 2.668e-03 -1.000 6.063e-03 13.134 19.878 18.733 17.911 16.936 16.616 13.629 13.187
0.0060543 -0.40000 9.29003 0.0911048725 1.0921900536    0.091 -3.322  3.4005  5.274    0  0.000  0.545     0.00     0.00     0.00     0.00     0.00 -1 -4.58e-17      0.00 7.345e-01 2.594e-01 1.090e-03 2.941e-04 2.668e-03 -1.000 6.063e-03 13.075 19.815 18.671 17.850 16.876 16.556 13.571 13.128
0.0060543 -0.40000 9.29003 0.0933200493 1.1127524091    0.093 -3.276  3.4074  5.265    0  0.000  0.545     0.00     0.00     0.00     0.00     0.00 -1 -5.09e-17      0.00 7.345e-01 2.594e-01 1.090e-03 2.941e-04 2.668e-03 -1.000 6.063e-03 12.959 19.691 18.550 17.729 16.756 16.437 13.454 13.012
0.0060543 -0.40000 9.29003 0.0992661342 1.1649467677    0.099 -3.155  3.4250  5.241    0  0.000  0.545     0.00     0.00     0.00     0.00     0.00 -1  -6.7e-17      0.00 7.344e-01 2.595e-01 1.090e-03 2.941e-04 2.668e-03 -1.000 6.063e-03 12.657 19.066 17.980 17.153 16.219 15.897 13.060 12.644
0.0060543 -0.40000 9.29003 0.1177984104 1.3046301697    0.118 -2.905  3.4552  5.186    1  0.000  0.545     0.00     0.00     0.00     0.00     0.00 -1 -1.16e-16      0.00 7.343e-01 2.596e-01 1.090e-03 2.941e-04 2.668e-03 -1.000 6.063e-03 12.033 17.322 16.414 15.585 14.791 14.467 12.112 11.784
0.0060543 -0.40000 9.29003 0.1363306940 1.4183171436    0.136 -2.725  3.4746  5.147    0  0.000  0.545     0.00     0.00     0.00     0.00     0.00 -1 -1.71e-16      0.00 7.341e-01 2.598e-01 1.090e-03 2.941e-04 2.668e-03 -1.000 6.063e-03 11.583 16.237 15.419 14.579 13.859 13.531 11.490 11.210
0.0060543 -0.40000 9.29003 0.1548629701 1.5135022991    0.155 -2.586  3.4880  5.117    1  0.000  0.545     0.00     0.00     0.00     0.00     0.00 -1 -2.29e-16      0.00 7.339e-01 2.600e-01 1.090e-03 2.941e-04 2.668e-03 -1.000 6.063e-03 11.235 15.486 14.721 13.872 13.194 12.861 11.038 10.788
0.0060543 -0.40000 9.29003 0.1919275075 1.6657516018    0.191 -2.377  3.5058  5.072    1  0.000  0.545     0.00     0.00     0.00     0.00     0.00 -1 -3.51e-16      0.00 7.337e-01 2.603e-01 1.090e-03 2.941e-04 2.668e-03 -1.000 6.063e-03 10.714 14.511 13.804 12.955 12.324 11.988 10.407 10.190
0.0060543 -0.40000 9.29003 0.2320672721 1.7925613453    0.231 -2.205  3.5191  5.035    1  0.000  0.545     0.00     0.00     0.00     0.00     0.00 -1 -4.96e-16      0.00 7.334e-01 2.605e-01 1.090e-03 2.941e-04 2.668e-03 -1.000 6.063e-03 10.282 13.786 13.112 12.269 11.662 11.323 9.908 9.713
0.0060543 -0.40000 9.29003 0.2382582128 1.8095780244    0.237 -2.181  3.5209  5.030    1  0.000  0.545     0.00     0.00     0.00     0.00     0.00 -1  -5.2e-16      0.00 7.333e-01 2.606e-01 1.090e-03 2.941e-04 2.668e-03 -1.000 6.063e-03 10.222 13.688 13.020 12.178 11.574 11.235 9.840 9.647
0.0060543 -0.40000 9.29003 0.2845888734 1.9209781486    0.283 -2.025  3.5316  4.994    0  0.000  0.545     0.00     0.00     0.00     0.00     0.00 -1 -7.08e-16      0.00 7.332e-01 2.608e-01 1.090e-03 2.941e-04 2.668e-03 -1.000 6.063e-03 9.834 13.099 12.457 11.628 11.042 10.704 9.409 9.230
0.0060543 -0.40000 9.29003 0.3224154115 1.9957413682    0.321 -1.904  3.5384  4.955    0  0.000  0.545     0.00     0.00     0.00     0.00     0.00 -1 -9.21e-16      0.00 7.343e-01 2.597e-01 1.090e-03 2.941e-04 2.668e-03 -1.000 6.063e-03 9.530 12.677 12.052 11.233 10.656 10.318 9.083 8.912
0.0060543 -0.40000 9.29003 0.3309195936 2.0109886083    0.330 -1.879  3.5398  4.947    0  0.000  0.545     0.00     0.00     0.00     0.00     0.00 -1 -9.73e-16      0.00 7.345e-01 2.595e-01 1.090e-03 2.941e-04 2.668e-03 -1.000 6.063e-03 9.467 12.589 11.967 11.150 10.575 10.238 9.015 8.846
0.0060543 -0.40000 9.29003 0.3772502840 2.0859464325    0.376 -1.736  3.5490  4.898    0  0.000  0.545     0.00     0.00     0.00     0.00     0.00 -1 -1.34e-15      0.00 7.347e-01 2.592e-01 1.090e-03 2.941e-04 2.668e-03 -1.000 6.063e-03 9.111 12.086 11.484 10.679 10.115 9.779 8.632 8.473
0.0060543 -0.40000 9.29003 0.4235809743 2.1498006606    0.423 -1.593  3.5608  4.852    1  0.000  0.545     0.00     0.00     0.00     0.00     0.00 -1 -1.85e-15      0.00 7.347e-01 2.592e-01 1.090e-03 2.941e-04 2.668e-03 -1.000 6.063e-03 8.753 11.555 10.973 10.182 9.629 9.292 8.242 8.095
0.0060543 -0.40000 9.29003 0.4332777560 2.1620206846    0.432 -1.560  3.5639  4.841    1  0.000  0.545     0.00     0.00     0.00     0.00     0.00 -1    -2e-15      0.00 7.347e-01 2.592e-01 1.090e-03 2.941e-04 2.668e-03 -1.000 6.063e-03 8.669 11.428 10.850 10.063 9.512 9.175 8.151 8.008
0.0060543 -0.40000 9.29003 0.4699116945 2.2051652544    0.469 -1.439  3.5752  4.802    1  0.000  0.545     0.00     0.00     0.00     0.00     0.00 -1 -2.65e-15      0.00 7.347e-01 2.592e-01 1.090e-03 2.941e-04 2.668e-03 -1.000 6.063e-03 8.369 10.978 10.416 9.643 9.101 8.764 7.825 7.693
0.0060543 -0.40000 9.29003 0.5162423849 2.2535938381    0.516 -1.279  3.5934  4.755    1  0.000  0.545     0.00     0.00     0.00     0.00     0.00 -1 -3.86e-15      0.00 7.369e-01 2.571e-01 1.082e-03 2.918e-04 2.647e-03 -1.000 6.001e-03 7.967 10.353 9.818 9.072 8.547 8.215 7.391 7.275
0.0060543 -0.40000 9.29003 0.5527356267 2.2859102861    0.552 -1.149  3.6112  4.725    1  0.000  0.545     0.00     0.00     0.00     0.00     0.00 -1 -5.21e-15      0.00 7.397e-01 2.544e-01 1.071e-03 2.890e-04 2.622e-03 -1.000 5.940e-03 7.642 9.817 9.314 8.602 8.103 7.778 7.043 6.940
0.0060543 -0.40000 9.29003 0.5625730157 2.2938009335    0.562 -1.115  3.6157  4.718    1  0.000  0.545     0.00     0.00     0.00     0.00     0.00 -1 -5.62e-15      0.00 7.402e-01 2.539e-01 1.069e-03 2.885e-04 2.617e-03 -1.000 5.936e-03 7.558 9.679 9.184 8.484 7.992 7.670 6.955 6.855
0.0060543 -0.40000 9.29003 0.5800112486 2.3070347837    0.579 -1.053  3.6257  4.709    1  0.000  0.545     0.00     0.00     0.00     0.00     0.00 -1 -6.45e-15      0.00 7.405e-01 2.536e-01 1.068e-03 2.882e-04 2.614e-03 -1.000 5.913e-03 7.404 9.403 8.928 8.252 7.778 7.463 6.791 6.696
0.0060543 -0.40000 9.29003 0.6089037657 2.3270546771    0.608 -0.955  3.6416  4.696    1  0.000  0.545     0.00     0.00     0.00     0.00     0.00 -1 -8.02e-15      0.00 7.410e-01 2.531e-01 1.066e-03 2.878e-04 2.610e-03 -1.000 5.903e-03 7.157 8.945 8.505 7.874 7.435 7.133 6.528 6.444
0.0060543 -0.40000 9.29003 0.6304785013 2.3406358899    0.630 -0.881  3.6544  4.689    1  0.000  0.545     0.00     0.00     0.00     0.00     0.00 -1 -9.41e-15      0.00 7.414e-01 2.527e-01 1.065e-03 2.874e-04 2.607e-03 -1.000 5.889e-03 6.973 8.584 8.172 7.581 7.175 6.888 6.333 6.256
0.0060543 -0.40000 9.29003 0.6552344561 2.3549594461    0.655 -0.800  3.6688  4.681    1  0.000  0.545     0.00     0.00     0.00     0.00     0.00 -1 -1.12e-14      0.00 7.418e-01 2.523e-01 1.064e-03 2.870e-04 2.603e-03 -1.000 5.884e-03 6.770 8.198 7.811 7.264 6.894 6.625 6.116 6.047
0.0060543 -0.40000 9.29003 0.7015650868 2.3786689140    0.702 -0.655  3.6939  4.666    1  0.000  0.545     0.00     0.00     0.00     0.00     0.00 -1 -1.54e-14      0.00 7.427e-01 2.514e-01 1.060e-03 2.861e-04 2.596e-03 -1.000 5.892e-03 6.406 7.577 7.222 6.741 6.427 6.190 5.739 5.679
0.0060543 -0.40000 9.29003 0.7276626229 2.3905060910    0.728 -0.577  3.7070  4.657    1  0.000  0.541     0.00     0.00     0.00     0.00     0.00 -1 -1.83e-14      0.00 7.433e-01 2.508e-01 1.051e-03 2.853e-04 2.591e-03 -1.000 5.877e-03 6.213 7.270 6.932 6.480 6.192 5.971 5.545 5.490
0.0060543 -0.40000 9.29003 0.7514939904 2.4004936126    0.751 -0.508  3.7186  4.649    1  0.000  0.537     0.00     0.00     0.00     0.00     0.00 -1 -2.13e-14      0.00 7.438e-01 2.503e-01 1.042e-03 2.847e-04 2.586e-03 -1.000 5.863e-03 6.041 7.008 6.686 6.259 5.991 5.782 5.376 5.325
0.0060543 -0.40000 9.29003 0.8014228344 2.4192210168    0.801 -0.371  3.7395  4.623    1  0.000  0.537     0.00     0.00     0.00     0.00     0.00 -1 -2.91e-14      0.00 7.453e-01 2.488e-01 1.037e-03 2.832e-04 2.574e-03 -1.000 5.876e-03 5.698 6.523 6.232 5.845 5.608 5.419 5.048 5.003
0.0060543 -0.40000 9.29003 0.8145450354 2.4237068835    0.814 -0.336  3.7444  4.615    1  0.000  0.537     0.00     0.00     0.00     0.00     0.00 -1 -3.16e-14      0.00 7.459e-01 2.483e-01 1.035e-03 2.827e-04 2.569e-03 -1.000 5.858e-03 5.611 6.406 6.122 5.745 5.515 5.331 4.966 4.923
0.0060543 -0.40000 9.29003 0.8513516784 2.4354451133    0.851 -0.240  3.7578  4.591    1  0.000  0.537     0.00     0.00     0.00     0.00     0.00 -1 -3.95e-14      0.00 7.474e-01 2.467e-01 1.030e-03 2.812e-04 2.555e-03 -1.000 5.828e-03 5.371 6.089 5.827 5.474 5.262 5.090 4.746 4.707
0.0060543 -0.40000 9.29003 0.9012805223 2.4496196038    0.901 -0.115  3.7735  4.554    1  0.000  0.537     0.00     0.00     0.00     0.00     0.00 -1 -5.36e-14      0.00 7.506e-01 2.436e-01 1.019e-03 2.783e-04 2.529e-03 -1.000 5.761e-03 5.058 5.691 5.457 5.135 4.942 4.783 4.464 4.428
0.0060543 -0.40000 9.29003 0.9060678482 2.4508846292    0.905 -0.103  3.7748  4.550    1  0.000  0.537     0.00     0.00     0.00     0.00     0.00 -1 -5.52e-14      0.00 7.510e-01 2.432e-01 1.017e-03 2.779e-04 2.525e-03 -1.000 5.758e-03 5.029 5.654 5.423 5.103 4.912 4.755 4.437 4.402
0.0060543 -0.40000 9.29003 0.9315226674 2.4573605579    0.931 -0.041  3.7818  4.527    1  0.000  0.537     0.00     0.00     0.00     0.00     0.00 -1 -6.44e-14      0.00 7.535e-01 2.409e-01 1.008e-03 2.755e-04 2.504e-03 -1.000 5.653e-03 4.874 5.462 5.244 4.939 4.756 4.605 4.298 4.265
0.0060543 -0.40000 9.29003 0.9512093663 2.4620966278    0.951  0.006  3.7869  4.510    1  0.000  0.537     0.00     0.00     0.00     0.00     0.00 -1 -7.25e-14      0.00 7.556e-01 2.388e-01 1.000e-03 2.734e-04 2.486e-03 -1.000 5.590e-03 4.756 5.319 5.110 4.816 4.639 4.492 4.193 4.161
0.0060543 -0.40000 9.29003 0.9780234694 2.4681959763    0.978  0.070  3.7933  4.484    1  0.000  0.536     0.00     0.00     0.00     0.00     0.00 -1 -8.52e-14      0.00 7.601e-01 2.344e-01 9.848e-04 2.692e-04 2.448e-03 -1.000 5.520e-03 4.596 5.129 4.932 4.650 4.480 4.338 4.049 4.019
0.0060543 -0.40000 9.29003 1.0011382103 2.4731533968    1.001  0.124  3.7986  4.461    1  0.000  0.536     0.00     0.00     0.00     0.00     0.00 -1 -9.79e-14      0.00 7.642e-01 2.303e-01 9.703e-04 2.653e-04 2.413e-03 -1.000 5.459e-03 4.461 4.969 4.781 4.510 4.346 4.208 3.927 3.899
0.0060543 -0.40000 9.29003 1.0331155062 2.4795927827    1.033  0.198  3.8057  4.429    1  0.000  0.536     0.00     0.00     0.00     0.00     0.00 -1 -1.13e-13      0.00 7.640e-01 2.304e-01 9.760e-04 2.670e-04 2.429e-03 -1.000 5.586e-03 4.276 4.752 4.577 4.319 4.162 4.030 3.761 3.734
0.0060543 -0.40000 9.29003 1.0510671139 2.4830109282    1.050  0.239  3.8096  4.411    1  0.000  0.535     0.00     0.00     0.00     0.00     0.00 -1 -1.22e-13      0.00 7.637e-01 2.307e-01 9.802e-04 2.683e-04 2.441e-03 -1.000 5.598e-03 4.173 4.632 4.463 4.213 4.061 3.932 3.668 3.643
0.0060543 -0.40000 9.29003 1.0634516478 2.4852918515    1.063  0.267  3.8123  4.399    1  0.000  0.535     0.00     0.00     0.00     0.00     0.00 -1 -1.29e-13      0.00 7.639e-01 2.305e-01 9.799e-04 2.682e-04 2.440e-03 -1.000 5.572e-03 4.103 4.552 4.386 4.141 3.992 3.865 3.606 3.581
0.0060543 -0.40000 9.29003 1.0900691748 2.4899930381    1.089  0.326  3.8178  4.372    1  0.000  0.535     0.00     0.00     0.00     0.00     0.00 -1 -1.45e-13      0.00 7.641e-01 2.303e-01 9.798e-04 2.682e-04 2.440e-03 -1.000 5.547e-03 3.954 4.380 4.223 3.987 3.844 3.721 3.471 3.447
0.0060543 -0.40000 9.29003 1.1009960175 2.4918474230    1.100  0.350  3.8200  4.361    1  0.000  0.535     0.00     0.00     0.00     0.00     0.00 -1 -1.51e-13      0.00 7.642e-01 2.303e-01 9.800e-04 2.682e-04 2.441e-03 -1.000 5.551e-03 3.894 4.310 4.156 3.924 3.783 3.663 3.416 3.393
0.0060543 -0.40000 9.29003 1.1185358763 2.4947371574    1.118  0.389  3.8237  4.344    1  0.000  0.535     0.00     0.00     0.00     0.00     0.00 -1 -1.62e-13      0.00 7.644e-01 2.301e-01 9.794e-04 2.680e-04 2.439e-03 -1.000 5.545e-03 3.798 4.200 4.051 3.825 3.688 3.570 3.329 3.307
0.0060543 -0.40000 9.29003 1.1369518042 2.4976611474    1.136  0.429  3.8274  4.326    1  0.000  0.535     0.00     0.00     0.00     0.00     0.00 -1 -1.74e-13      0.00 7.644e-01 2.300e-01 9.795e-04 2.681e-04 2.439e-03 -1.000 5.529e-03 3.699 4.085 3.941 3.722 3.589 3.474 3.239 3.218
0.0060543 -0.40000 9.29003 1.1509248018 2.4998080574    1.150  0.458  3.8301  4.313    1  0.000  0.535     0.00     0.00     0.00     0.00     0.00 -1 -1.84e-13      0.00 7.643e-01 2.301e-01 9.801e-04 2.682e-04 2.441e-03 -1.000 5.555e-03 3.624 4.000 3.860 3.645 3.515 3.402 3.171 3.151
0.0060543 -0.40000 9.29003 1.1619251966 2.5014565243    1.161  0.481  3.8323  4.303    1  0.000  0.535     0.00     0.00     0.00     0.00     0.00 -1 -1.91e-13      0.00 7.641e-01 2.303e-01 9.805e-04 2.684e-04 2.442e-03 -1.000 5.556e-03 3.567 3.935 3.797 3.586 3.458 3.347 3.120 3.100
0.0060543 -0.40000 9.29003 1.2008537054 2.5070122724    1.200  0.560  3.8399  4.268    1  0.000  0.535     0.00     0.00     0.00     0.00     0.00 -1 -2.18e-13      0.00 7.634e-01 2.310e-01 9.821e-04 2.688e-04 2.446e-03 -1.000 5.558e-03 3.369 3.708 3.579 3.381 3.261 3.155 2.942 2.923
0.0060543 -0.40000 9.29003 1.2304674387 2.5109689990    1.230  0.618  3.8456  4.244    1  0.000  0.535     0.00     0.00     0.00     0.00     0.00 -1 -2.38e-13      0.00 7.637e-01 2.307e-01 9.810e-04 2.685e-04 2.443e-03 -1.000 5.559e-03 3.224 3.542 3.420 3.230 3.116 3.015 2.812 2.795
0.0060543 -0.40000 9.29003 1.2507824898 2.5135590677    1.250  0.657  3.8491  4.226    1  0.000  0.535     0.00     0.00     0.00     0.00     0.00 -1 -2.52e-13      0.00 7.639e-01 2.305e-01 9.803e-04 2.683e-04 2.441e-03 -1.000 5.558e-03 3.126 3.431 3.313 3.129 3.019 2.921 2.724 2.708
0.0060543 -0.40000 9.29003 1.2671825886 2.5155804766    1.267  0.688  3.8522  4.213    1  0.000  0.535     0.00     0.00     0.00     0.00     0.00 -1 -2.62e-13      0.00 7.641e-01 2.304e-01 9.798e-04 2.682e-04 2.440e-03 -1.000 5.562e-03 3.050 3.344 3.228 3.049 2.942 2.847 2.655 2.640
0.0060543 -0.40000 9.29003 1.3007112741 2.5195312458    1.300  0.750  3.8573  4.183    1  0.000  0.535     0.00     0.00     0.00     0.00     0.00 -1 -2.86e-13      0.00 7.644e-01 2.301e-01 9.791e-04 2.679e-04 2.439e-03 -1.000 5.558e-03 2.895 3.170 3.060 2.889 2.788 2.697 2.514 2.500
0.0060543 -0.40000 9.29003 1.3331887722 2.5231410734    1.333  0.810  3.8617  4.152    1  0.000  0.535     0.00     0.00     0.00     0.00     0.00 -1 -3.08e-13      0.00 7.646e-01 2.298e-01 9.783e-04 2.675e-04 2.436e-03 -1.000 5.558e-03 2.745 3.004 2.898 2.735 2.638 2.551 2.378 2.364
0.0060543 -0.40000 9.29003 1.3506404161 2.5249985446    1.350  0.842  3.8635  4.133    1  0.000  0.536     0.00     0.00     0.00     0.00     0.00 -1 -3.22e-13      0.00 7.647e-01 2.297e-01 9.780e-04 2.673e-04 2.435e-03 -1.000 5.557e-03 2.665 2.916 2.813 2.652 2.558 2.473 2.303 2.290
0.0060543 -0.40000 9.29003 1.3552845716 2.5254835883    1.355  0.850  3.8640  4.127    1  0.000  0.536     0.00     0.00     0.00     0.00     0.00 -1 -3.25e-13      0.00 7.647e-01 2.297e-01 9.779e-04 2.673e-04 2.434e-03 -1.000 5.557e-03 2.644 2.893 2.790 2.630 2.537 2.452 2.282 2.270
0.0060543 -0.40000 9.29003 1.3826433420 2.5282650913    1.382  0.901  3.8661  4.094    1  0.000  0.536     0.00     0.00     0.00     0.00     0.00 -1 -3.45e-13      0.00 7.648e-01 2.297e-01 9.779e-04 2.672e-04 2.434e-03 -1.000 5.539e-03 2.517 2.757 2.656 2.500 2.409 2.326 2.161 2.149
0.0060543 -0.40000 9.29003 1.4005692005 2.5300199608    1.400  0.935  3.8668  4.069    1  0.000  0.536     0.00     0.00     0.00     0.00     0.00 -1  -3.6e-13      0.00 7.648e-01 2.296e-01 9.780e-04 2.673e-04 2.433e-03 -1.000 5.558e-03 2.434 2.668 2.569 2.415 2.325 2.243 2.080 2.068
0.0060543 -0.40000 9.29003 1.4012190104 2.5300826054    1.401  0.936  3.8668  4.068    1  0.000  0.536     0.00     0.00     0.00     0.00     0.00 -1 -3.61e-13      0.00 7.648e-01 2.296e-01 9.780e-04 2.673e-04 2.434e-03 -1.000 5.558e-03 2.431 2.665 2.566 2.412 2.322 2.240 2.077 2.065
0.0060543 -0.40000 9.29003 1.4188804626 2.5317600126    1.419  0.968  3.8655  4.036    1  0.000  0.536     0.00     0.00     0.00     0.00     0.00 -1 -3.75e-13      0.00 7.648e-01 2.297e-01 9.782e-04 2.673e-04 2.434e-03 -1.000 5.558e-03 2.350 2.586 2.486 2.330 2.239 2.156 1.992 1.980
0.0060543 -0.40000 9.29003 1.4373593330 2.5334644043    1.437  1.002  3.8627  3.996    1  0.000  0.536     0.00     0.00     0.00     0.00     0.00 -1 -3.94e-13      0.00 7.647e-01 2.298e-01 9.786e-04 2.674e-04 2.435e-03 -1.000 5.556e-03 2.265 2.506 2.404 2.245 2.152 2.067 1.899 1.886
0.0060543 -0.40000 9.29003 1.4504979849 2.5346459124    1.450  1.026  3.8596  3.964    1  0.000  0.536     0.00     0.00     0.00     0.00     0.00 -1  -4.1e-13      0.00 7.646e-01 2.299e-01 9.790e-04 2.675e-04 2.436e-03 -1.000 5.557e-03 2.206 2.454 2.349 2.186 2.090 2.003 1.830 1.816
0.0060543 -0.40000 9.29003 1.4544235468 2.5349941635    1.454  1.033  3.8587  3.955    1  0.000  0.536     0.00     0.00     0.00     0.00     0.00 -1 -4.13e-13      0.00 7.645e-01 2.299e-01 9.791e-04 2.675e-04 2.436e-03 -1.000 5.559e-03 2.188 2.438 2.333 2.169 2.072 1.985 1.810 1.796
0.0060543 -0.40000 9.29003 1.4711688757 2.5364557301    1.471  1.062  3.8537  3.911    1  0.000  0.536     0.00     0.00     0.00     0.00     0.00 -1 -4.29e-13      0.00 7.644e-01 2.301e-01 9.795e-04 2.675e-04 2.437e-03 -1.000 5.559e-03 2.115 2.378 2.268 2.098 1.996 1.905 1.722 1.707
0.0060543 -0.40000 9.29003 1.4887031317 2.5379457004    1.488  1.092  3.8462  3.855    1  0.000  0.536     0.00     0.00     0.00     0.00     0.00 -1 -4.51e-13      0.00 7.642e-01 2.303e-01 9.802e-04 2.676e-04 2.439e-03 -1.000 5.557e-03 2.039 2.324 2.207 2.026 1.917 1.820 1.625 1.608
0.0060543 -0.40000 9.29003 1.5004268885 2.5389196151    1.500  1.112  3.8402  3.814    1  0.000  0.536     0.00     0.00     0.00     0.00     0.00 -1 -4.68e-13      0.00 7.640e-01 2.304e-01 9.808e-04 2.676e-04 2.441e-03 -1.000 5.556e-03 1.989 2.292 2.169 1.979 1.864 1.763 1.558 1.540
0.0060543 -0.40000 9.29003 1.5124928951 2.5399038521    1.512  1.133  3.8335  3.771    1  0.000  0.536     0.00     0.00     0.00     0.00     0.00 -1 -4.79e-13      0.00 7.638e-01 2.306e-01 9.815e-04 2.680e-04 2.441e-03 -1.000 5.557e-03 1.938 2.263 2.132 1.933 1.811 1.705 1.489 1.469
0.0060543 -0.40000 9.29003 1.5269016027 2.5410557814    1.526  1.160  3.8259  3.717    1  0.000  0.536     0.00     0.00     0.00     0.00     0.00 -1 -4.97e-13      0.00 7.635e-01 2.309e-01 9.824e-04 2.684e-04 2.443e-03 -1.000 5.575e-03 1.870 2.221 2.082 1.871 1.742 1.630 1.402 1.379
0.0060543 -0.40000 9.29003 1.5364897251 2.5418085681    1.536  1.181  3.8215  3.682    1  0.000  0.536     0.00     0.00     0.00     0.00     0.00 -1 -5.12e-13      0.00 7.633e-01 2.311e-01 9.831e-04 2.686e-04 2.444e-03 -1.000 5.629e-03 1.818 2.186 2.042 1.823 1.689 1.574 1.339 1.316
0.0060543 -0.40000 9.29003 1.5414270163 2.5421920087    1.541  1.210  3.8291  3.684    1  0.000  0.536     0.00     0.00     0.00     0.00     0.00 -1  -5.3e-13      0.00 7.632e-01 2.312e-01 9.835e-04 2.688e-04 2.445e-03 -1.000 5.576e-03 1.745 2.081 1.947 1.741 1.616 1.507 1.285 1.263
0.0060543 -0.40000 9.29003 1.5436382294 2.5423628220    1.543  1.232  3.8381  3.698    1  0.000  0.536     0.00     0.00     0.00     0.00     0.00 -1 -5.43e-13      0.00 7.631e-01 2.313e-01 9.837e-04 2.689e-04 2.445e-03 -1.000 5.557e-03 1.689 1.991 1.867 1.676 1.560 1.458 1.252 1.233
0.0060543 -0.40000 9.29003 1.5443807840 2.5424200572    1.544  1.255  3.8497  3.722    1  0.000  0.536     0.00     0.00     0.00     0.00     0.00 -1 -5.55e-13      0.00 7.631e-01 2.313e-01 9.839e-04 2.689e-04 2.446e-03 -1.000 5.557e-03 1.632 1.893 1.781 1.608 1.505 1.412 1.227 1.210
0.0060543 -0.40000 9.29003 1.5446928740 2.5424440938    1.544  1.278  3.8604  3.743    1  0.000  0.536     0.00     0.00     0.00     0.00     0.00 -1  -5.7e-13      0.00 7.631e-01 2.313e-01 9.839e-04 2.689e-04 2.446e-03 -1.000 5.557e-03 1.576 1.800 1.700 1.543 1.451 1.368 1.201 1.187
0.0060543 -0.40000 9.29003 1.5448611975 2.5424570532    1.544  1.301  3.8702  3.758    1  0.000  0.536     0.00     0.00     0.00     0.00     0.00 -1  -5.9e-13      0.00 7.631e-01 2.314e-01 9.839e-04 2.689e-04 2.446e-03 -1.000 5.557e-03 1.517 1.710 1.619 1.478 1.396 1.321 1.172 1.159
0.0060543 -0.40000 9.29003 1.5449823141 2.5424663760    1.544  1.322  3.8779  3.769    1  0.000  0.536     0.00     0.00     0.00     0.00     0.00 -1 -6.11e-13      0.00 7.631e-01 2.314e-01 9.839e-04 2.689e-04 2.446e-03 -1.000 5.557e-03 1.465 1.636 1.552 1.423 1.349 1.280 1.146 1.135
0.0060543 -0.40000 9.29003 1.5450099707 2.5424685046    1.545  1.311  3.8753  3.769    1  0.000  0.536     0.00     0.00     0.00     0.00     0.00 -1 -5.98e-13      0.00 7.631e-01 2.314e-01 9.840e-04 2.689e-04 2.446e-03 -1.000 5.557e-03 1.492 1.670 1.584 1.451 1.374 1.303 1.164 1.152
0.0060543 -0.40000 9.29003 1.5450559855 2.5424720460    1.545  1.292  3.8695  3.765    2  0.000  0.536     0.00     0.00     0.00     0.00     0.00 -1 -5.76e-13      0.00 7.631e-01 2.314e-01 9.840e-04 2.689e-04 2.446e-03 -1.000 5.557e-03 1.540 1.736 1.645 1.502 1.419 1.343 1.193 1.180
0.0060543 -0.40000 9.29003 1.5451072454 2.5424759907    1.545  1.278  3.8610  3.745    2  0.000  0.536     0.00     0.00     0.00     0.00     0.00 -1 -5.69e-13      0.00 7.631e-01 2.314e-01 9.840e-04 2.689e-04 2.446e-03 -1.000 5.557e-03 1.575 1.798 1.698 1.542 1.451 1.368 1.202 1.188
0.0060543 -0.40000 9.29003 1.5451722145 2.5424809901    1.545  1.275  3.8502  3.705    2  0.000  0.536     0.00     0.00     0.00     0.00     0.00 -1 -5.89e-13      0.00 7.631e-01 2.314e-01 9.840e-04 2.689e-04 2.446e-03 -1.000 5.557e-03 1.583 1.840 1.729 1.557 1.455 1.363 1.179 1.162
0.0060543 -0.40000 9.29003 1.5452655554 2.5424881717    1.545  1.285  3.8384  3.648    2  0.000  0.536     0.00     0.00     0.00     0.00     0.00 -1 -6.42e-13      0.00 7.631e-01 2.314e-01 9.840e-04 2.689e-04 2.446e-03 -1.000 5.557e-03 1.558 1.855 1.732 1.542 1.427 1.326 1.121 1.102
0.0060543 -0.40000 9.29003 1.5454058647 2.5424989653    1.545  1.296  3.8259  3.587    2  0.000  0.536     0.00     0.00     0.00     0.00     0.00 -1 -7.05e-13      0.00 7.631e-01 2.314e-01 9.840e-04 2.689e-04 2.446e-03 -1.000 5.557e-03 1.531 1.873 1.735 1.526 1.398 1.287 1.061 1.039
0.0060543 -0.40000 9.29003 1.5456458330 2.5425174200    1.545  1.301  3.8128  3.529    2  0.000  0.536     0.00     0.00     0.00     0.00     0.00 -1 -7.64e-13      0.00 7.631e-01 2.314e-01 9.840e-04 2.690e-04 2.446e-03 -1.000 5.557e-03 1.516 1.912 1.757 1.525 1.384 1.263 1.015 0.990
0.0060543 -0.40000 9.29003 1.5460402966 2.5425477419    1.546  1.300  3.8005  3.481    2  0.000  0.536     0.00     0.00     0.00     0.00     0.00 -1 -8.03e-13      0.00 7.630e-01 2.314e-01 9.841e-04 2.690e-04 2.446e-03 -1.000 5.557e-03 1.521 1.973 1.799 1.545 1.390 1.258 0.989 0.961
0.0060543 -0.40000 9.29003 1.5465730429 2.5425886652    1.546  1.290  3.7894  3.447    2  0.000  0.536     0.00     0.00     0.00     0.00     0.00 -1 -8.16e-13      0.00 7.630e-01 2.315e-01 9.843e-04 2.690e-04 2.447e-03 -1.000 5.558e-03 1.544 2.051 1.860 1.584 1.416 1.276 0.988 0.957
0.0060543 -0.40000 9.29003 1.5471918583 2.5426361592    1.547  1.271  3.7787  3.423    2  0.000  0.536     0.00     0.00     0.00     0.00     0.00 -1 -8.02e-13      0.00 7.625e-01 2.318e-01 9.858e-04 2.695e-04 2.450e-03 -1.000 5.621e-03 1.592 2.158 1.946 1.649 1.469 1.320 1.015 0.981
0.0060543 -0.40000 9.29003 1.5476698875 2.5426728180    1.547  1.249  3.7706  3.412    2  0.000  0.537     0.00     0.00     0.00     0.00     0.00 -1 -7.71e-13      0.00 7.571e-01 2.372e-01 1.003e-03 2.742e-04 2.492e-03 -1.000 5.707e-03 1.646 2.260 2.033 1.718 1.529 1.374 1.055 1.019
0.0060543 -0.40000 9.29003 1.5481170416 2.5427070855    1.548  1.221  3.7627  3.409    2  0.000  0.537     0.00     0.00     0.00     0.00     0.00 -1 -7.25e-13      0.00 7.500e-01 2.442e-01 1.026e-03 2.803e-04 2.546e-03 -1.000 5.806e-03 1.716 2.376 2.134 1.804 1.606 1.444 1.112 1.074
0.0060543 -0.40000 9.29003 1.5484911203 2.5427357354    1.548  1.194  3.7556  3.409    2  0.000  0.538     0.00     0.00     0.00     0.00     0.00 -1 -6.79e-13      0.00 7.454e-01 2.487e-01 1.041e-03 2.843e-04 2.582e-03 -1.000 5.860e-03 1.786 2.489 2.234 1.890 1.683 1.516 1.173 1.132
0.0060543 -0.40000 9.29003 1.5489766598 2.5427728981    1.548  1.159  3.7461  3.405    2  0.000  0.538     0.00     0.00     0.00     0.00     0.00 -1 -6.28e-13      0.00 7.420e-01 2.521e-01 1.053e-03 2.872e-04 2.607e-03 -1.000 5.914e-03 1.872 2.632 2.361 1.999 1.781 1.607 1.248 1.204
0.0060543 -0.40000 9.29003 1.5495811701 2.5428191294    1.549  1.143  3.7353  3.378    2  0.000  0.538     0.00     0.00     0.00     0.00     0.00 -1  -6.2e-13      0.00 7.393e-01 2.547e-01 1.060e-03 2.892e-04 2.625e-03 -1.000 5.960e-03 1.911 2.739 2.450 2.068 1.838 1.654 1.278 1.231
0.0060543 -0.40000 9.29003 1.5498223305 2.5428375611    1.549  1.142  3.7312  3.363    2  0.000  0.538     0.00     0.00     0.00     0.00     0.00 -1 -6.25e-13      0.00 7.384e-01 2.556e-01 1.062e-03 2.898e-04 2.631e-03 -1.000 5.963e-03 1.916 2.771 2.474 2.085 1.849 1.662 1.279 1.231
0.0060543 -0.40000 9.29003 1.5503555536 2.5428782914    1.550  1.174  3.7250  3.306    3  0.000  0.528     0.00     0.00     0.00     0.00     0.00 -1 -7.13e-13      0.00 7.361e-01 2.580e-01 1.045e-03 3.035e-04 2.637e-03 -1.000 5.973e-03 1.834 2.732 2.424 2.023 1.779 1.588 1.195 1.144
0.0060543 -0.40000 9.29003 1.5508292913 2.5429144510    1.550  1.212  3.7207  3.251    3  0.000  0.492     0.00     0.00     0.00     0.00     0.00 -1 -8.23e-13      0.00 7.335e-01 2.605e-01 9.754e-04 3.753e-04 2.642e-03 -1.000 6.037e-03 1.741 2.669 2.353 1.944 1.695 1.500 1.099 1.048
0.0060543 -0.40000 9.29003 1.5512747765 2.5429484309    1.551  1.253  3.7174  3.197    3  0.000  0.447     0.00     0.00     0.00     0.00     0.00 -1 -9.59e-13      0.00 7.306e-01 2.633e-01 8.859e-04 4.811e-04 2.645e-03 -1.000 6.063e-03 1.638 2.590 2.268 1.853 1.600 1.402 0.996 0.943
0.0060543 -0.40000 9.29003 1.5516915321 2.5429801991    1.551  1.294  3.7147  3.146    3  0.000  0.415     0.00     0.00     0.00     0.00     0.00 -1 -1.11e-12      0.00 7.279e-01 2.660e-01 8.233e-04 5.594e-04 2.647e-03 -1.000 6.077e-03 1.536 2.509 2.182 1.761 1.504 1.304 0.893 0.840
0.0060543 -0.40000 9.29003 1.5520948172 2.5430109219    1.552  1.334  3.7123  3.096    3  0.000  0.395     0.00     0.00     0.00     0.00     0.00 -1 -1.29e-12      0.00 7.255e-01 2.684e-01 7.853e-04 6.071e-04 2.649e-03 -1.000 6.131e-03 1.434 2.425 2.094 1.668 1.408 1.207 0.791 0.737
0.0060543 -0.40000 9.29003 1.5524888039 2.5430409185    1.552  1.374  3.7101  3.047    3  0.000  0.383     0.00     0.00     0.00     0.00     0.00 -1 -1.49e-12      0.00 7.235e-01 2.704e-01 7.611e-04 6.380e-04 2.650e-03 -1.000 6.155e-03 1.334 2.342 2.006 1.575 1.313 1.110 0.691 0.635
0.0060543 -0.40000 9.29003 1.5528787374 2.5430705893    1.552  1.414  3.7079  2.998    3  0.000  0.374     0.00     0.00     0.00     0.00     0.00 -1 -1.73e-12      0.00 7.217e-01 2.721e-01 7.450e-04 6.593e-04 2.653e-03 -1.000 6.157e-03 1.234 2.258 1.918 1.484 1.219 1.014 0.591 0.535
0.0060543 -0.40000 9.29003 1.5532661676 2.5431000527    1.553  1.454  3.7057  2.950    3  0.000  0.369     0.00     0.00     0.00     0.00     0.00 -1 -1.99e-12      0.00 7.203e-01 2.736e-01 7.340e-04 6.750e-04 2.655e-03 -1.000 6.151e-03 1.135 2.174 1.831 1.393 1.126 0.919 0.493 0.436
0.0060543 -0.40000 9.29003 1.5536528826 2.5431294448    1.553  1.494  3.7035  2.902    3  0.000  0.364     0.00     0.00     0.00     0.00     0.00 -1  -2.3e-12      0.00 7.190e-01 2.749e-01 7.260e-04 6.879e-04 2.658e-03 -1.000 6.123e-03 1.036 2.092 1.745 1.303 1.033 0.825 0.394 0.337
0.0060543 -0.40000 9.29003 1.5541350842 2.5431660708    1.554  1.542  3.7008  2.842    3  0.000  0.361     0.00     0.00     0.00     0.00     0.00 -1 -2.75e-12      0.00 7.176e-01 2.763e-01 7.192e-04 7.014e-04 2.656e-03 -1.000 6.126e-03 0.914 1.990 1.639 1.191 0.918 0.708 0.272 0.214
0.0060543 -0.40000 9.29003 1.5546108484 2.5432021822    1.554  1.590  3.6982  2.784    3  0.000  0.359     0.00     0.00     0.00     0.00     0.00 -1 -3.26e-12      0.00 7.163e-01 2.776e-01 7.142e-04 7.142e-04 2.650e-03 -1.000 6.162e-03 0.794 1.895 1.537 1.084 0.806 0.594 0.153 0.094
0.0060543 -0.40000 9.29003 1.5550366640 2.5432344808    1.554  1.633  3.6957  2.732    3  0.000  0.359     0.00     0.00     0.00     0.00     0.00 -1  -3.8e-12      0.00 7.151e-01 2.787e-01 7.107e-04 7.258e-04 2.642e-03 -1.000 6.150e-03 0.688 1.811 1.448 0.989 0.707 0.493 0.047 -0.013
0.0060543 -0.40000 9.29003 1.5554722548 2.5432674999    1.555  1.677  3.6932  2.677    3  0.000  0.358     0.00     0.00     0.00     0.00     0.00 -1 -4.47e-12      0.00 7.141e-01 2.798e-01 7.078e-04 7.367e-04 2.634e-03 -1.000 6.098e-03 0.577 1.723 1.355 0.890 0.604 0.388 -0.062 -0.124
0.0060543 -0.40000 9.29003 1.5559599400 2.5433044427    1.555  1.728  3.6902  2.615    3  0.000  0.358     0.00     0.00     0.00     0.00     0.00 -1 -5.38e-12      0.00 7.131e-01 2.808e-01 7.054e-04 7.458e-04 2.627e-03 -1.000 6.087e-03 0.450 1.623 1.248 0.776 0.487 0.267 -0.188 -0.251
0.0060543 -0.40000 9.29003 1.5563901663 2.5433370108    1.556  1.773  3.6875  2.559    3  0.000  0.358     0.00     0.00     0.00     0.00     0.00 -1 -6.34e-12      0.00 7.126e-01 2.813e-01 7.041e-04 7.509e-04 2.623e-03 -1.000 6.135e-03 0.337 1.535 1.155 0.677 0.383 0.162 -0.300 -0.363
0.0060543 -0.40000 9.29003 1.5567630529 2.5433652215    1.556  1.813  3.6851  2.509    3  0.000  0.358     0.00     0.00     0.00     0.00     0.00 -1 -7.34e-12      0.00 7.123e-01 2.815e-01 7.035e-04 7.533e-04 2.621e-03 -1.000 6.146e-03 0.237 1.458 1.073 0.590 0.293 0.069 -0.397 -0.462
0.0060543 -0.40000 9.29003 1.5571292639 2.5433929121    1.557  1.853  3.6826  2.460    3  0.000  0.358     0.00     0.00     0.00     0.00     0.00 -1 -8.48e-12      0.00 7.123e-01 2.816e-01 7.032e-04 7.544e-04 2.620e-03 -1.000 6.102e-03 0.139 1.384 0.993 0.504 0.202 -0.024 -0.495 -0.560
0.0060543 -0.40000 9.29003 1.5574785471 2.5434193087    1.557  1.890  3.6802  2.413    3  0.000  0.358     0.00     0.00     0.00     0.00     0.00 -1 -9.72e-12      0.00 7.122e-01 2.817e-01 7.031e-04 7.547e-04 2.620e-03 -1.000 6.068e-03 0.046 1.316 0.918 0.423 0.117 -0.112 -0.587 -0.654
0.0060543 -0.40000 9.29003 1.5578478575 2.5434472041    1.557  1.928  3.6778  2.365    3  0.000  0.358     0.00     0.00     0.00     0.00     0.00 -1 -1.12e-11      0.00 7.122e-01 2.817e-01 7.030e-04 7.550e-04 2.620e-03 -1.000 6.066e-03 -0.050 1.247 0.844 0.341 0.031 -0.201 -0.681 -0.749
0.0060543 -0.40000 9.29003 1.5582137108 2.5434748234    1.558  1.965  3.6754  2.319    3  0.000  0.358     0.00     0.00     0.00     0.00     0.00 -1 -1.28e-11      0.00 7.122e-01 2.817e-01 7.030e-04 7.552e-04 2.620e-03 -1.000 6.066e-03 -0.142 1.181 0.772 0.262 -0.052 -0.286 -0.772 -0.840
0.0060543 -0.40000 9.29003 1.5586382151 2.5435068516    1.558  2.004  3.6729  2.270    3  0.000  0.358     0.00     0.00     0.00     0.00     0.00 -1 -1.48e-11      0.00 7.122e-01 2.817e-01 7.029e-04 7.555e-04 2.620e-03 -1.000 6.066e-03 -0.239 1.113 0.697 0.180 -0.139 -0.376 -0.867 -0.936
0.0060543 -0.40000 9.29003 1.5593166351 2.5435579959    1.559  2.047  3.6700  2.215    3  0.000  0.358     0.00     0.00     0.00     0.00     0.00 -1 -1.73e-11      0.00 7.122e-01 2.817e-01 7.028e-04 7.559e-04 2.619e-03 -1.000 6.066e-03 -0.349 1.035 0.612 0.087 -0.238 -0.478 -0.974 -1.045
0.0060543 -0.40000 9.29003 1.5594847202 2.5435706595    1.559  2.056  3.6694  2.204    3  0.000  0.358     0.00     0.00     0.00     0.00     0.00 -1 -1.79e-11      0.00 7.122e-01 2.817e-01 7.028e-04 7.559e-04 2.619e-03 -1.000 6.066e-03 -0.370 1.021 0.596 0.069 -0.257 -0.497 -0.995 -1.066
0.0060543 -0.40000 9.29003 1.5599582195 2.5436063161    1.559  2.015  3.6724  2.257    3  0.000  0.358     0.00     0.00     0.00     0.00     0.00 -1 -1.55e-11      0.00 7.122e-01 2.817e-01 7.027e-04 7.562e-04 2.619e-03 -1.000 6.066e-03 -0.267 1.090 0.673 0.154 -0.166 -0.403 -0.895 -0.964
0.0060543 -0.40000 9.29003 1.5601532459 2.5436209953    1.559  1.978  3.6750  2.304    3  0.000  0.358     0.00     0.00     0.00     0.00     0.00 -1 -1.35e-11      0.00 7.122e-01 2.817e-01 7.026e-04 7.563e-04 2.619e-03 -1.000 6.066e-03 -0.176 1.153 0.742 0.231 -0.084 -0.319 -0.805 -0.874
0.0060543 -0.40000 9.29003 1.5602855682 2.5436309525    1.560  1.943  3.6774  2.350    3  0.000  0.358     0.00     0.00     0.00     0.00     0.00 -1 -1.18e-11      0.00 7.122e-01 2.817e-01 7.026e-04 7.564e-04 2.619e-03 -1.000 6.066e-03 -0.087 1.214 0.810 0.306 -0.005 -0.237 -0.718 -0.786
0.0060543 -0.40000 9.29003 1.5604064465 2.5436400468    1.560  1.906  3.6799  2.396    3  0.000  0.358     0.00     0.00     0.00     0.00     0.00 -1 -1.03e-11      0.00 7.122e-01 2.817e-01 7.026e-04 7.565e-04 2.619e-03 -1.000 6.066e-03 0.004 1.278 0.880 0.382 0.076 -0.153 -0.629 -0.696
0.0060543 -0.40000 9.29003 1.5605373383 2.5436498926    1.560  1.867  3.6825  2.446    3  0.000  0.358     0.00     0.00     0.00     0.00     0.00 -1 -8.86e-12      0.00 7.122e-01 2.817e-01 7.026e-04 7.566e-04 2.619e-03 -1.000 6.066e-03 0.102 1.348 0.957 0.467 0.165 -0.061 -0.532 -0.598
0.0060543 -0.40000 9.29003 1.5607044697 2.5436624617    1.560  1.823  3.6855  2.502    3  0.000  0.358     0.00     0.00     0.00     0.00     0.00 -1 -7.48e-12      0.00 7.122e-01 2.817e-01 7.025e-04 7.567e-04 2.619e-03 -1.000 6.066e-03 0.213 1.429 1.044 0.563 0.266 0.043 -0.422 -0.487
0.0060543 -0.40000 9.29003 1.5608772039 2.5436754489    1.560  1.790  3.6877  2.544    3  0.000  0.358     0.00     0.00     0.00     0.00     0.00 -1  -6.6e-12      0.00 7.122e-01 2.817e-01 7.025e-04 7.568e-04 2.619e-03 -1.000 6.066e-03 0.294 1.490 1.110 0.633 0.340 0.119 -0.342 -0.406
0.0060543 -0.40000 9.29003 1.5610173941 2.5436859868    1.560  1.803  3.6869  2.527    3  0.000  0.358     0.00     0.00     0.00     0.00     0.00 -1 -6.84e-12      0.00 7.122e-01 2.817e-01 7.025e-04 7.568e-04 2.619e-03 -1.000 6.066e-03 0.262 1.465 1.084 0.605 0.310 0.088 -0.374 -0.438
0.0060543 -0.40000 9.29003 1.5614157915 2.5437159219    1.561  1.848  3.6840  2.472    3  0.000  0.358     0.00     0.00     0.00     0.00     0.00 -1 -7.98e-12      0.00 7.122e-01 2.817e-01 7.024e-04 7.571e-04 2.618e-03 -1.000 6.066e-03 0.151 1.382 0.994 0.508 0.209 -0.015 -0.483 -0.548
0.0060543 -0.40000 9.29003 1.5618779659 2.5437506272    1.561  1.889  3.6814  2.420    3  0.000  0.358     0.00     0.00     0.00     0.00     0.00 -1  -9.3e-12      0.00 7.122e-01 2.817e-01 7.023e-04 7.573e-04 2.618e-03 -1.000 6.066e-03 0.047 1.305 0.910 0.417 0.114 -0.113 -0.587 -0.652
0.0060543 -0.40000 9.29003 1.5623434782 2.5437855592    1.562  1.930  3.6787  2.368    3  0.000  0.358     0.00     0.00     0.00     0.00     0.00 -1 -1.08e-11      0.00 7.122e-01 2.817e-01 7.023e-04 7.576e-04 2.618e-03 -1.000 6.066e-03 -0.055 1.232 0.830 0.330 0.022 -0.209 -0.687 -0.754
0.0060543 -0.40000 9.29003 1.5628199577 2.5438212894    1.562  1.972  3.6761  2.316    3  0.000  0.358     0.00     0.00     0.00     0.00     0.00 -1 -1.26e-11      0.00 7.122e-01 2.817e-01 7.022e-04 7.579e-04 2.618e-03 -1.000 6.066e-03 -0.159 1.157 0.749 0.241 -0.072 -0.306 -0.790 -0.858
0.0060543 -0.40000 9.29003 1.5632766485 2.5438555122    1.562  2.012  3.6734  2.266    3  0.000  0.358     0.00     0.00     0.00     0.00     0.00 -1 -1.46e-11      0.00 7.122e-01 2.818e-01 7.021e-04 7.581e-04 2.618e-03 -1.000 6.066e-03 -0.259 1.087 0.672 0.156 -0.162 -0.398 -0.888 -0.957
0.0060543 -0.40000 9.29003 1.5637331009 2.5438896942    1.563  2.053  3.6707  2.214    3  0.000  0.358     0.00     0.00     0.00     0.00     0.00 -1 -1.69e-11      0.00 7.122e-01 2.818e-01 7.020e-04 7.584e-04 2.617e-03 -1.000 6.066e-03 -0.362 1.015 0.592 0.069 -0.255 -0.494 -0.989 -1.059
0.0060543 -0.40000 9.29003 1.5641602278 2.5439216593    1.563  2.093  3.6679  2.163    3  0.000  0.358     0.00     0.00     0.00     0.00     0.00 -1 -1.96e-11      0.00 7.122e-01 2.818e-01 7.019e-04 7.586e-04 2.617e-03 -1.000 6.066e-03 -0.462 0.947 0.518 -0.014 -0.343 -0.585 -1.086 -1.157
0.0060543 -0.40000 9.29003 1.5645766258 2.5439528022    1.564  2.133  3.6652  2.112    3  0.000  0.358     0.00     0.00     0.00     0.00     0.00 -1 -2.28e-11      0.00 7.122e-01 2.818e-01 7.019e-04 7.589e-04 2.617e-03 -1.000 6.066e-03 -0.563 0.879 0.442 -0.098 -0.432 -0.677 -1.184 -1.257
0.0060543 -0.40000 9.29003 1.5649746656 2.5439825542    1.564  2.174  3.6624  2.060    3  0.000  0.358     0.00     0.00     0.00     0.00     0.00 -1 -2.64e-11      0.00 7.122e-01 2.818e-01 7.018e-04 7.591e-04 2.617e-03 -1.000 6.066e-03 -0.664 0.811 0.367 -0.181 -0.521 -0.769 -1.282 -1.356
0.0060543 -0.40000 9.29003 1.5653455257 2.5440102590    1.564  2.213  3.6596  2.010    3  0.000  0.358     0.00     0.00     0.00     0.00     0.00 -1 -3.05e-11      0.00 7.122e-01 2.818e-01 7.017e-04 7.593e-04 2.617e-03 -1.000 6.066e-03 -0.762 0.746 0.295 -0.262 -0.607 -0.858 -1.378 -1.452
0.0060543 -0.40000 9.29003 1.5656964779 2.5440364626    1.565  2.252  3.6569  1.960    3  0.000  0.357     0.00     0.00     0.00     0.00     0.00 -1 -3.53e-11      0.00 7.122e-01 2.818e-01 7.017e-04 7.595e-04 2.617e-03 -1.000 6.066e-03 -0.860 0.689 0.227 -0.341 -0.692 -0.947 -1.472 -1.547
0.0060543 -0.40000 9.29003 1.5660334826 2.5440616122    1.565  2.291  3.6541  1.909    3  0.000  0.357     0.00     0.00     0.00     0.00     0.00 -1 -4.09e-11      0.00 7.122e-01 2.818e-01 7.016e-04 7.597e-04 2.617e-03 -1.000 6.066e-03 -0.959 0.634 0.158 -0.421 -0.779 -1.036 -1.566 -1.643
0.0060543 -0.40000 9.29003 1.5663452148 2.5440848647    1.565  2.330  3.6513  1.860    3  0.000  0.357     0.00     0.00     0.00     0.00     0.00 -1 -4.71e-11      0.00 7.122e-01 2.818e-01 7.015e-04 7.599e-04 2.616e-03 -1.000 6.066e-03 -1.055 0.579 0.091 -0.500 -0.863 -1.123 -1.658 -1.735
0.0060543 -0.40000 9.29003 1.5666402578 2.5441068625    1.565  2.368  3.6485  1.810    3  0.000  0.357     0.00     0.00     0.00     0.00     0.00 -1 -5.44e-11      0.00 7.121e-01 2.818e-01 7.015e-04 7.601e-04 2.616e-03 -1.000 6.066e-03 -1.150 0.528 0.027 -0.576 -0.945 -1.209 -1.748 -1.827
0.0060543 -0.40000 9.29003 1.5669205189 2.5441277494    1.566  2.407  3.6457  1.760    3  0.000  0.357     0.00     0.00     0.00     0.00     0.00 -1 -6.29e-11      0.00 7.121e-01 2.818e-01 7.014e-04 7.602e-04 2.616e-03 -1.000 6.066e-03 -1.247 0.476 -0.039 -0.653 -1.028 -1.294 -1.839 -1.919
0.0060543 -0.40000 9.29003 1.5671796799 2.5441470562    1.566  2.445  3.6428  1.711    3  0.000  0.357     0.00     0.00     0.00     0.00     0.00 -1 -7.25e-11      0.00 7.121e-01 2.818e-01 7.014e-04 7.604e-04 2.616e-03 -1.000 6.066e-03 -1.342 0.427 -0.101 -0.727 -1.107 -1.377 -1.927 -2.008
0.0060543 -0.40000 9.29003 1.5674231052 2.5441651839    1.566  2.482  3.6400  1.663    3  0.000  0.357     0.00     0.00     0.00     0.00     0.00 -1 -8.34e-11      0.00 7.121e-01 2.818e-01 7.014e-04 7.605e-04 2.616e-03 -1.000 6.066e-03 -1.435 0.378 -0.164 -0.801 -1.187 -1.459 -2.014 -2.097
0.0060543 -0.40000 9.29003 1.5676531792 2.5441823115    1.566  2.519  3.6372  1.614    3  0.000  0.357     6.87     5.16     3.73     2.81     2.29  4  -9.6e-11      0.00 7.121e-01 2.818e-01 7.013e-04 7.607e-04 2.616e-03 -1.000 6.066e-03 -1.529 0.331 -0.225 -0.872 -1.263 -1.538 -2.099 -2.183
0.0060543 -0.40000 9.29003 1.5678659678 2.5441981471    1.566  2.556  3.6344  1.566    3  0.000  0.357     7.58     5.63     4.05     3.06     2.49  4  -1.1e-10      0.00 7.121e-01 2.818e-01 7.013e-04 7.608e-04 2.616e-03 -1.000 6.066e-03 -1.621 0.286 -0.284 -0.942 -1.339 -1.616 -2.183 -2.268
0.0060543 -0.40000 9.29003 1.5680686235 2.5442132241    1.566  2.593  3.6316  1.518    3  0.000  0.357     8.35     6.14     4.41     3.33     2.71  4 -1.27e-10      0.00 7.121e-01 2.818e-01 7.012e-04 7.609e-04 2.616e-03 -1.000 6.066e-03 -1.713 0.240 -0.345 -1.012 -1.414 -1.693 -2.267 -2.353
0.0060543 -0.40000 9.29003 1.5682562590 2.5442271796    1.566  2.629  3.6288  1.471    3  0.000  0.357     9.18     6.69     4.78     3.61     2.94  4 -1.45e-10      0.00 7.121e-01 2.818e-01 7.012e-04 7.610e-04 2.616e-03 -1.000 6.066e-03 -1.803 0.196 -0.401 -1.078 -1.486 -1.768 -2.349 -2.437
0.0060543 -0.40000 9.29003 1.5684348345 2.5442404577    1.567  2.666  3.6260  1.423    3  0.000  0.357    10.12     7.29     5.19     3.93     3.20  4 -1.67e-10      0.00 7.121e-01 2.818e-01 7.012e-04 7.611e-04 2.616e-03 -1.000 6.066e-03 -1.894 0.153 -0.454 -1.141 -1.556 -1.842 -2.432 -2.522
0.0060543 -0.40000 9.29003 1.5685986280 2.5442526336    1.567  2.701  3.6232  1.377    3  0.000  0.357    11.11     7.93     5.62     4.26     3.47  4 -1.91e-10      0.00 7.121e-01 2.818e-01 7.011e-04 7.612e-04 2.616e-03 -1.000 6.066e-03 -1.983 0.112 -0.505 -1.201 -1.624 -1.913 -2.512 -2.604
0.0060543 -0.40000 9.29003 1.5687550306 2.5442642573    1.567  2.737  3.6204  1.330    3  0.000  0.357    12.21     8.63     6.09     4.62     3.76  4 -2.18e-10      0.00 7.121e-01 2.818e-01 7.011e-04 7.613e-04 2.615e-03 -1.000 6.066e-03 -2.071 0.071 -0.556 -1.262 -1.692 -1.985 -2.593 -2.686
0.0060543 -0.40000 9.29003 1.5689023733 2.5442752053    1.567  2.772  3.6177  1.284    3  0.000  0.357    13.41     9.38     6.60     5.01     4.08  4 -2.49e-10      0.00 7.121e-01 2.818e-01 7.011e-04 7.614e-04 2.615e-03 -1.000 6.066e-03 -2.159 0.032 -0.604 -1.320 -1.758 -2.054 -2.672 -2.767
0.0060543 -0.40000 9.29003 1.5690374374 2.5442852389    1.567  2.806  3.6149  1.239    3  0.000  0.357    14.69    10.17     7.13     5.43     4.42  4 -2.84e-10      0.00 7.121e-01 2.818e-01 7.011e-04 7.614e-04 2.615e-03 -1.000 6.066e-03 -2.245 -0.004 -0.651 -1.376 -1.821 -2.120 -2.749 -2.845
0.0060543 -0.40000 9.29003 1.5691678524 2.5442949252    1.567  2.841  3.6122  1.193    3  0.000  0.357    16.12    11.05     7.72     5.88     4.79  4 -3.25e-10      0.00 7.121e-01 2.818e-01 7.010e-04 7.615e-04 2.615e-03 -1.000 6.066e-03 -2.331 -0.041 -0.697 -1.433 -1.885 -2.187 -2.826 -2.924
0.0060543 -0.40000 9.29003 1.5693163872 2.5443059551    1.567  2.882  3.6088  1.138    3  0.000  0.357    18.03    12.21     8.49     6.48     5.28  4 -3.81e-10      0.00 7.121e-01 2.818e-01 7.010e-04 7.616e-04 2.615e-03 -1.000 6.066e-03 -2.436 -0.083 -0.752 -1.499 -1.962 -2.267 -2.919 -3.020
0.0060543 -0.40000 9.29003 1.5694273710 2.5443141950    1.566  2.916  3.6061  1.094    3  0.000  0.357    19.71    13.23     9.17     7.00     5.70  4 -4.34e-10      0.00 7.121e-01 2.818e-01 7.010e-04 7.617e-04 2.615e-03 -1.000 6.066e-03 -2.519 -0.115 -0.794 -1.550 -2.020 -2.329 -2.993 -3.095
0.0060543 -0.40000 9.29003 1.5695325136 2.5443219999    1.566  2.949  3.6034  1.050    3  0.000  0.357    21.54    14.32     9.89     7.56     6.16  3 -4.92e-10      0.00 7.121e-01 2.818e-01 7.010e-04 7.617e-04 2.615e-03 -1.000 6.066e-03 -2.602 -0.144 -0.833 -1.599 -2.077 -2.389 -3.065 -3.169
0.0060543 -0.40000 9.29003 1.5696562529 2.5443311838    1.566  2.990  3.6000  0.995    3  0.000  0.357    24.05    15.80    10.86     8.32     6.78  3 -5.76e-10      0.00 7.121e-01 2.818e-01 7.010e-04 7.618e-04 2.615e-03 -1.000 6.066e-03 -2.704 -0.182 -0.883 -1.661 -2.149 -2.465 -3.155 -3.261
0.0060543 -0.40000 9.29003 1.5697685480 2.5443395169    1.566  3.029  3.5967  0.943    3  0.000  0.357    26.75    17.37    11.89     9.12     7.44  3  -6.7e-10      0.00 7.121e-01 2.818e-01 7.009e-04 7.619e-04 2.615e-03 -1.000 6.066e-03 -2.803 -0.210 -0.924 -1.714 -2.212 -2.532 -3.240 -3.349
0.0060543 -0.40000 9.29003 1.5698732138 2.5443472826    1.566  3.068  3.5935  0.891    3  0.000  0.357    29.71    19.08    13.01     9.99     8.15  3  -7.8e-10      0.00 7.121e-01 2.818e-01 7.009e-04 7.619e-04 2.615e-03 -1.000 6.066e-03 -2.900 -0.237 -0.964 -1.765 -2.274 -2.598 -3.323 -3.435
0.0060543 -0.40000 9.29003 1.5699701309 2.5443544723    1.566  3.106  3.5902  0.840    3  0.000  0.357    32.94    20.93    14.21    10.92     8.91  3 -9.04e-10      0.00 7.121e-01 2.818e-01 7.009e-04 7.620e-04 2.615e-03 -1.000 6.066e-03 -2.995 -0.262 -1.001 -1.814 -2.334 -2.661 -3.405 -3.519
0.0060543 -0.40000 9.29003 1.5700621605 2.5443612984    1.565  3.144  3.5869  0.788    3  0.000  0.357    36.55    22.96    15.52    11.95     9.75  3 -1.05e-09      0.00 7.121e-01 2.818e-01 7.009e-04 7.620e-04 2.615e-03 -1.000 6.066e-03 -3.090 -0.282 -1.034 -1.857 -2.387 -2.718 -3.484 -3.602
0.0060543 -0.40000 9.29003 1.5701478720 2.5443676552    1.565  3.181  3.5836  0.738    3  0.000  0.357    40.47    25.15    16.93    13.06    10.66  3 -1.21e-09      0.00 7.121e-01 2.818e-01 7.009e-04 7.621e-04 2.615e-03 -1.000 6.066e-03 -3.183 -0.301 -1.064 -1.898 -2.438 -2.772 -3.562 -3.683
0.0060543 -0.40000 9.29003 1.5702282190 2.5443736133    1.565  3.217  3.5804  0.689    3  0.000  0.357    44.71    27.49    18.44    14.23    11.62  2  -1.4e-09      0.00 7.121e-01 2.818e-01 7.009e-04 7.621e-04 2.615e-03 -1.000 6.066e-03 -3.273 -0.318 -1.093 -1.937 -2.488 -2.825 -3.637 -3.761
0.0060543 -0.40000 9.29003 1.5703034401 2.5443791907    1.564  3.252  3.5773  0.642    3  0.000  0.357    49.17    29.93    19.99    15.46    12.62  2 -1.61e-09      0.00 7.121e-01 2.818e-01 7.008e-04 7.622e-04 2.615e-03 -1.000 6.066e-03 -3.359 -0.329 -1.114 -1.965 -2.525 -2.865 -3.706 -3.835
0.0060543 -0.40000 9.29003 1.5703229904 2.5443806402    1.564  3.260  3.5765  0.630    3  0.000  0.357    50.33    30.56    20.40    15.77    12.88  2 -1.67e-09      0.00 7.121e-01 2.818e-01 7.008e-04 7.622e-04 2.615e-03 -1.000 6.066e-03 -3.380 -0.331 -1.119 -1.971 -2.534 -2.875 -3.723 -3.852
0.0060543 -0.40000 9.29003 1.5703229904 2.5443806402    1.564  1.781  3.7026  2.614    4  0.000  0.359     0.00     0.00     0.00     0.00     0.00 -1    -1e-30      0.00 7.112e-01 2.827e-01 7.036e-04 7.542e-04 2.616e-03 -1.000 6.162e-03 0.317 1.383 1.031 0.586 0.316 0.108 -0.325 -0.383
0.0060543 -0.40000 9.29003 1.5711216927 2.5444398217    1.565  1.795  3.7014  2.595    4  0.000  0.359     0.00     0.00     0.00     0.00     0.00 -1    -1e-30      0.00 7.112e-01 2.827e-01 7.035e-04 7.548e-04 2.616e-03 -1.000 6.161e-03 0.284 1.360 1.006 0.558 0.286 0.077 -0.358 -0.416
0.0060543 -0.40000 9.29003 1.5719627142 2.5445020642    1.566  1.801  3.7009  2.587    4  0.000  0.359     0.00     0.00     0.00     0.00     0.00 -1    -1e-30      0.00 7.112e-01 2.827e-01 7.033e-04 7.553e-04 2.615e-03 -1.000 6.161e-03 0.267 1.347 0.992 0.543 0.271 0.061 -0.374 -0.433
0.0060543 -0.40000 9.29003 1.5727719069 2.5445618788    1.567  1.803  3.7010  2.586    4  0.000  0.359     0.00     0.00     0.00     0.00     0.00 -1    -1e-30      0.00 7.111e-01 2.827e-01 7.032e-04 7.559e-04 2.615e-03 -1.000 6.161e-03 0.262 1.341 0.986 0.538 0.265 0.056 -0.380 -0.438
0.0060543 -0.40000 9.29003 1.5735876560 2.5446221065    1.568  1.804  3.7012  2.586    4  0.000  0.359     0.00     0.00     0.00     0.00     0.00 -1    -1e-30      0.00 7.111e-01 2.827e-01 7.030e-04 7.564e-04 2.615e-03 -1.000 6.160e-03 0.260 1.337 0.983 0.535 0.263 0.054 -0.381 -0.440
0.0060543 -0.40000 9.29003 1.5744228363 2.5446836945    1.569  1.805  3.7015  2.587    4  0.000  0.359     0.00     0.00     0.00     0.00     0.00 -1    -1e-30      0.00 7.111e-01 2.827e-01 7.029e-04 7.570e-04 2.614e-03 -1.000 6.160e-03 0.258 1.333 0.979 0.532 0.260 0.051 -0.383 -0.442
0.0060543 -0.40000 9.29003 1.5752394199 2.5447438385    1.569  1.806  3.7018  2.587    4  0.000  0.358     0.00     0.00     0.00     0.00     0.00 -1    -1e-30      0.00 7.111e-01 2.827e-01 7.027e-04 7.575e-04 2.614e-03 -1.000 6.159e-03 0.256 1.329 0.976 0.529 0.257 0.049 -0.385 -0.444
0.0060543 -0.40000 9.29003 1.5760800838 2.5448056812    1.570  1.807  3.7020  2.587    4  0.000  0.358     0.00     0.00     0.00     0.00     0.00 -1    -1e-30      0.00 7.111e-01 2.828e-01 7.026e-04 7.581e-04 2.613e-03 -1.000 6.159e-03 0.253 1.325 0.972 0.525 0.254 0.046 -0.388 -0.446
0.0060543 -0.40000 9.29003 1.5769180059 2.5448672467    1.571  1.808  3.7022  2.587    4  0.000  0.358     0.00     0.00     0.00     0.00     0.00 -1    -1e-30      0.00 7.111e-01 2.828e-01 7.024e-04 7.587e-04 2.613e-03 -1.000 6.158e-03 0.251 1.320 0.967 0.521 0.251 0.043 -0.391 -0.449
0.0060543 -0.40000 9.29003 1.5777493715 2.5449282563    1.572  1.809  3.7025  2.587    4  0.000  0.358     0.00     0.00     0.00     0.00     0.00 -1    -1e-30      0.00 7.111e-01 2.828e-01 7.023e-04 7.592e-04 2.613e-03 -1.000 6.158e-03 0.248 1.316 0.963 0.518 0.247 0.039 -0.394 -0.452
0.0060543 -0.40000 9.29003 1.5786588192 2.5449949112    1.573  1.811  3.7027  2.587    4  0.000  0.358     0.00     0.00     0.00     0.00     0.00 -1    -1e-30      0.00 7.110e-01 2.828e-01 7.021e-04 7.599e-04 2.612e-03 -1.000 6.157e-03 0.244 1.310 0.958 0.513 0.242 0.035 -0.398 -0.456
0.0060543 -0.40000 9.29003 1.5795559883 2.5450605797    1.574  1.812  3.7029  2.586    4  0.000  0.358     0.00     0.00     0.00     0.00     0.00 -1    -1e-30      0.00 7.110e-01 2.828e-01 7.019e-04 7.605e-04 2.612e-03 -1.000 6.157e-03 0.240 1.304 0.953 0.508 0.238 0.030 -0.402 -0.460
0.0060543 -0.40000 9.29003 1.5804306269 2.5451245166    1.575  1.814  3.7031  2.586    4  0.000  0.358     0.00     0.00     0.00     0.00     0.00 -1    -1e-30      0.00 7.110e-01 2.828e-01 7.018e-04 7.610e-04 2.611e-03 -1.000 6.156e-03 0.236 1.299 0.947 0.503 0.233 0.026 -0.406 -0.464
0.0060543 -0.40000 9.29003 1.5813305378 2.5451902160    1.576  1.816  3.7033  2.585    4  0.000  0.358     0.00     0.00     0.00     0.00     0.00 -1    -1e-30      0.00 7.110e-01 2.828e-01 7.016e-04 7.617e-04 2.611e-03 -1.000 6.156e-03 0.231 1.293 0.942 0.498 0.228 0.021 -0.411 -0.468
0.0060543 -0.40000 9.29003 1.5821714401 2.5452515297    1.577  1.817  3.7034  2.584    4  0.000  0.358     0.00     0.00     0.00     0.00     0.00 -1    -1e-30      0.00 7.110e-01 2.829e-01 7.014e-04 7.622e-04 2.611e-03 -1.000 6.155e-03 0.227 1.287 0.936 0.493 0.224 0.017 -0.415 -0.473
0.0060543 -0.40000 9.29003 1.5831016302 2.5453192665    1.578  1.819  3.7036  2.583    4  0.000  0.358     0.00     0.00     0.00     0.00     0.00 -1    -1e-30      0.00 7.110e-01 2.829e-01 7.013e-04 7.628e-04 2.610e-03 -1.000 6.155e-03 0.222 1.281 0.930 0.487 0.218 0.011 -0.420 -0.478
0.0060543 -0.40000 9.29003 1.5834026337 2.5453411661    1.578  1.820  3.7036  2.583    4  0.000  0.358     0.00     0.00     0.00     0.00     0.00 -1    -1e-30      0.00 7.110e-01 2.829e-01 7.012e-04 7.630e-04 2.610e-03 -1.000 6.155e-03 0.220 1.279 0.928 0.485 0.216 0.009 -0.422 -0.479
0.0060543 -0.40000 9.29003 1.5839365721 2.5453799894    1.579  1.821  3.7037  2.582    4  0.000  0.358     0.00     0.00     0.00     0.00     0.00 -1    -1e-30      0.00 7.110e-01 2.829e-01 7.011e-04 7.634e-04 2.610e-03 -1.000 6.155e-03 0.217 1.275 0.925 0.482 0.213 0.006 -0.425 -0.482
0.0060543 -0.40000 9.29003 1.5847784281 2.5454411406    1.579  1.823  3.7038  2.581    4  0.000  0.358     0.00     0.00     0.00     0.00     0.00 -1    -1e-30      0.00 7.109e-01 2.829e-01 7.010e-04 7.640e-04 2.609e-03 -1.000 6.154e-03 0.212 1.269 0.919 0.476 0.208 0.001 -0.429 -0.487
0.0060543 -0.40000 9.29003 1.5856248140 2.5455025456    1.580  1.825  3.7039  2.579    4  0.000  0.358     0.00     0.00     0.00     0.00     0.00 -1    -1e-30      0.00 7.109e-01 2.829e-01 7.008e-04 7.645e-04 2.609e-03 -1.000 6.154e-03 0.207 1.264 0.914 0.471 0.203 -0.004 -0.434 -0.492
0.0060543 -0.40000 9.29003 1.5864815712 2.5455646264    1.581  1.827  3.7040  2.578    4  0.000  0.358     0.00     0.00     0.00     0.00     0.00 -1    -1e-30      0.00 7.109e-01 2.829e-01 7.006e-04 7.651e-04 2.608e-03 -1.000 6.153e-03 0.202 1.258 0.908 0.466 0.197 -0.009 -0.440 -0.497
0.0060543 -0.40000 9.29003 1.5873308182 2.5456260868    1.582  1.829  3.7040  2.576    4  0.000  0.358     0.00     0.00     0.00     0.00     0.00 -1    -1e-30      0.00 7.109e-01 2.829e-01 7.005e-04 7.657e-04 2.608e-03 -1.000 6.153e-03 0.197 1.252 0.902 0.460 0.192 -0.015 -0.445 -0.503
0.0060543 -0.40000 9.29003 1.5882385969 2.5456916997    1.583  1.832  3.7041  2.574    4  0.000  0.358     0.00     0.00     0.00     0.00     0.00 -1    -1e-30      0.00 7.109e-01 2.830e-01 7.003e-04 7.663e-04 2.608e-03 -1.000 6.152e-03 0.190 1.246 0.896 0.454 0.185 -0.021 -0.451 -0.509
0.0060543 -0.40000 9.29003 1.5891085863 2.5457545003    1.584  1.834  3.7041  2.572    4  0.000  0.358     0.00     0.00     0.00     0.00     0.00 -1    -1e-30      0.00 7.109e-01 2.830e-01 7.002e-04 7.669e-04 2.607e-03 -1.000 6.152e-03 0.184 1.240 0.890 0.447 0.179 -0.027 -0.457 -0.515
0.0060543 -0.40000 9.29003 1.5899903774 2.5458180722    1.585  1.837  3.7040  2.569    4  0.000  0.358     0.00     0.00     0.00     0.00     0.00 -1    -1e-30      0.00 7.109e-01 2.830e-01 7.000e-04 7.675e-04 2.607e-03 -1.000 6.151e-03 0.178 1.233 0.884 0.441 0.173 -0.034 -0.464 -0.521
0.0060543 -0.40000 9.29003 1.5901117325 2.5458268149    1.585  1.837  3.7040  2.569    4  0.000  0.358     0.00     0.00     0.00     0.00     0.00 -1    -1e-30      0.00 7.109e-01 2.830e-01 7.000e-04 7.675e-04 2.607e-03 -1.000 6.151e-03 0.177 1.233 0.883 0.440 0.172 -0.034 -0.465 -0.522
0.0060543 -0.40000 9.29003 1.5906288624 2.5458640526    1.586  1.839  3.7040  2.567    4  0.000  0.358     0.00     0.00     0.00     0.00     0.00 -1    -1e-30      0.00 7.109e-01 2.830e-01 6.999e-04 7.679e-04 2.607e-03 -1.000 6.151e-03 0.173 1.229 0.879 0.436 0.168 -0.038 -0.469 -0.526
0.0060543 -0.40000 9.29003 1.5914521217 2.5459232769    1.586  1.842  3.7039  2.564    4  0.000  0.358     0.00     0.00     0.00     0.00     0.00 -1    -1e-30      0.00 7.108e-01 2.830e-01 6.997e-04 7.684e-04 2.606e-03 -1.000 6.151e-03 0.166 1.223 0.873 0.430 0.162 -0.045 -0.475 -0.533
0.0060543 -0.40000 9.29003 1.5922967196 2.5459839630    1.587  1.845  3.7038  2.561    4  0.000  0.358     0.00     0.00     0.00     0.00     0.00 -1    -1e-30      0.00 7.108e-01 2.830e-01 6.996e-04 7.690e-04 2.606e-03 -1.000 6.150e-03 0.159 1.217 0.866 0.423 0.154 -0.052 -0.483 -0.541
0.0060543 -0.40000 9.29003 1.5931540728 2.5460454900    1.588  1.848  3.7036  2.557    4  0.000  0.358     0.00     0.00     0.00     0.00     0.00 -1    -1e-30      0.00 7.108e-01 2.830e-01 6.994e-04 7.696e-04 2.605e-03 -1.000 6.150e-03 0.150 1.210 0.859 0.415 0.147 -0.060 -0.491 -0.549
0.0060543 -0.40000 9.29003 1.5940114260 2.5461069408    1.589  1.852  3.7033  2.553    4  0.000  0.358     0.00     0.00     0.00     0.00     0.00 -1    -1e-30      0.00 7.108e-01 2.831e-01 6.992e-04 7.702e-04 2.605e-03 -1.000 6.149e-03 0.141 1.203 0.852 0.407 0.138 -0.069 -0.500 -0.558
0.0060543 -0.40000 9.29003 1.5948557854 2.5461673861    1.590  1.856  3.7030  2.548    4  0.000  0.358     0.00     0.00     0.00     0.00     0.00 -1    -1e-30      0.00 7.108e-01 2.831e-01 6.991e-04 7.707e-04 2.605e-03 -1.000 6.149e-03 0.131 1.196 0.843 0.399 0.129 -0.078 -0.510 -0.568
0.0060543 -0.40000 9.29003 1.5957053900 2.5462281326    1.591  1.860  3.7026  2.542    4  0.000  0.358     0.00     0.00     0.00     0.00     0.00 -1    -1e-30      0.00 7.108e-01 2.831e-01 6.989e-04 7.713e-04 2.604e-03 -1.000 6.148e-03 0.120 1.187 0.835 0.389 0.119 -0.088 -0.521 -0.579
0.0060543 -0.40000 9.29003 1.5965570211 2.5462889494    1.592  1.865  3.7021  2.535    4  0.000  0.358     0.00     0.00     0.00     0.00     0.00 -1    -1e-30      0.00 7.108e-01 2.831e-01 6.988e-04 7.719e-04 2.604e-03 -1.000 6.148e-03 0.108 1.179 0.825 0.379 0.108 -0.100 -0.534 -0.592
0.0060543 -0.40000 9.29003 1.5974249840 2.5463508558    1.593  1.870  3.7016  2.528    4  0.000  0.358     0.00     0.00     0.00     0.00     0.00 -1    -1e-30      0.00 7.107e-01 2.831e-01 6.986e-04 7.724e-04 2.603e-03 -1.000 6.148e-03 0.094 1.169 0.815 0.367 0.095 -0.113 -0.548 -0.606
0.0060543 -0.40000 9.29003 1.5982847214 2.5464120992    1.594  1.877  3.7009  2.519    4  0.000  0.358     0.00     0.00     0.00     0.00     0.00 -1    -1e-30      0.00 7.107e-01 2.831e-01 6.985e-04 7.730e-04 2.603e-03 -1.000 6.147e-03 0.077 1.158 0.802 0.353 0.080 -0.129 -0.564 -0.623
0.0060543 -0.40000 9.29003 1.5991803408 2.5464758182    1.595  1.888  3.6997  2.503    4  0.000  0.358     0.00     0.00     0.00     0.00     0.00 -1    -1e-30      0.00 7.107e-01 2.831e-01 6.983e-04 7.736e-04 2.603e-03 -1.000 6.147e-03 0.050 1.141 0.782 0.330 0.057 -0.153 -0.591 -0.650
0.0060543 -0.40000 9.29003 1.6000834703 2.5465399885    1.595  1.908  3.6975  2.474    4  0.000  0.358     0.00     0.00     0.00     0.00     0.00 -1    -1e-30      0.00 7.107e-01 2.832e-01 6.981e-04 7.742e-04 2.602e-03 -1.000 6.146e-03 -0.001 1.111 0.747 0.290 0.012 -0.200 -0.642 -0.702
0.0060543 -0.40000 9.29003 1.6007255316 2.5465855583    1.596  1.942  3.6939  2.427    4  0.000  0.358     0.00     0.00     0.00     0.00     0.00 -1    -1e-30      0.00 7.107e-01 2.832e-01 6.980e-04 7.746e-04 2.602e-03 -1.000 6.146e-03 -0.084 1.061 0.689 0.223 -0.060 -0.276 -0.725 -0.786
0.0060543 -0.40000 9.29003 1.6010224819 2.5466066200    1.596  1.979  3.6902  2.375    4  0.000  0.358     0.00     0.00     0.00     0.00     0.00 -1    -1e-30      0.00 7.107e-01 2.832e-01 6.980e-04 7.748e-04 2.602e-03 -1.000 6.146e-03 -0.178 1.003 0.622 0.146 -0.143 -0.362 -0.818 -0.880
0.0060543 -0.40000 9.29003 1.6011604071 2.5466163995    1.597  2.019  3.6865  2.320    4  0.000  0.358     0.00     0.00     0.00     0.00     0.00 -1    -1e-30      0.00 7.107e-01 2.832e-01 6.979e-04 7.749e-04 2.602e-03 -1.000 6.146e-03 -0.277 0.941 0.551 0.066 -0.229 -0.452 -0.915 -0.979
0.0060543 -0.40000 9.29003 1.6012214422 2.5466207265    1.597  2.057  3.6830  2.268    4  0.000  0.358     0.00     0.00     0.00     0.00     0.00 -1    -1e-30      0.00 7.107e-01 2.832e-01 6.979e-04 7.750e-04 2.602e-03 -1.000 6.146e-03 -0.373 0.880 0.481 -0.013 -0.314 -0.540 -1.010 -1.076
0.0060543 -0.40000 9.29003 1.6012518406 2.5466228814    1.597  2.095  3.6797  2.217    4  0.000  0.358     0.00     0.00     0.00     0.00     0.00 -1    -1e-30      0.00 7.107e-01 2.832e-01 6.979e-04 7.750e-04 2.602e-03 -1.000 6.146e-03 -0.467 0.819 0.413 -0.090 -0.397 -0.626 -1.103 -1.169
0.0060543 -0.40000 9.29003 1.6012685299 2.5466240645    1.597  2.125  3.6772  2.177    4  0.000  0.358     0.00     0.00     0.00     0.00     0.00 -1    -1e-30      0.00 7.107e-01 2.832e-01 6.979e-04 7.750e-04 2.602e-03 -1.000 6.146e-03 -0.543 0.772 0.359 -0.151 -0.463 -0.695 -1.177 -1.244
0.0060543 -0.40000 9.29003 1.6012687683 2.5466240814    1.597  2.126  3.6771  2.176    7  0.000  0.358     0.00     0.00     0.00     0.00     0.00 -1 -1.17e-23      0.00 7.107e-01 2.830e-01 6.979e-04 7.750e-04 2.602e-03 -1.000 6.332e-03 -0.545 0.771 0.358 -0.152 -0.464 -0.696 -1.178 -1.246
0.0060543 -0.40000 9.29003 1.6012747288 2.5466245039    1.597  2.141  3.6759  2.156    7  0.000  0.358     0.00     0.00     0.00     0.00     0.00 -1 -1.78e-23      0.00 7.107e-01 2.830e-01 6.979e-04 7.750e-04 2.602e-03 -1.000 6.332e-03 -0.582 0.747 0.331 -0.182 -0.496 -0.729 -1.214 -1.282
0.0060543 -0.40000 9.29003 1.6012934446 2.5466258306    1.597  2.185  3.6722  2.097    7  0.000  0.358     0.00     0.00     0.00     0.00     0.00 -1  -3.7e-23      0.00 7.107e-01 2.830e-01 6.979e-04 7.750e-04 2.602e-03 -1.000 6.332e-03 -0.693 0.677 0.251 -0.272 -0.593 -0.830 -1.322 -1.392
0.0060543 -0.40000 9.29003 1.6013100147 2.5466270051    1.597  2.211  3.6701  2.063    7  0.000  0.358     0.00     0.00     0.00     0.00     0.00 -1 -3.91e-23      0.00 7.107e-01 2.830e-01 6.979e-04 7.750e-04 2.602e-03 -1.000 6.332e-03 -0.758 0.635 0.204 -0.325 -0.650 -0.889 -1.386 -1.456
0.0060543 -0.40000 9.29003 1.6013557911 2.5466302497    1.597  2.223  3.6691  2.047    7  0.000  0.358     0.00     0.00     0.00     0.00     0.00 -1 -4.83e-23      0.00 7.107e-01 2.830e-01 6.979e-04 7.750e-04 2.601e-03 -1.000 6.334e-03 -0.788 0.616 0.183 -0.349 -0.676 -0.916 -1.415 -1.486
0.0060543 -0.40000 9.29003 1.6014362574 2.5466359526    1.597  2.210  3.6702  2.064    7  0.000  0.358     0.00     0.00     0.00     0.00     0.00 -1 -3.14e-22      0.00 7.107e-01 2.830e-01 6.979e-04 7.751e-04 2.601e-03 -1.000 6.354e-03 -0.756 0.636 0.206 -0.324 -0.648 -0.888 -1.384 -1.455
0.0060543 -0.40000 9.29003 1.6020585299 2.5466800329    1.597  2.191  3.6714  2.088    7  0.000  0.358     0.00     0.00     0.00     0.00     0.00 -1  -3.2e-13      0.00 7.107e-01 2.828e-01 6.978e-04 7.755e-04 2.601e-03 -1.000 6.576e-03 -0.707 0.671 0.243 -0.282 -0.604 -0.843 -1.337 -1.406
0.0060543 -0.40000 9.29003 1.6024558544 2.5467081578    1.597  2.211  3.6699  2.062    7  0.000  0.358     0.00     0.00     0.00     0.00     0.00 -1 -2.35e-10      0.00 7.107e-01 2.827e-01 6.977e-04 7.758e-04 2.601e-03 -1.000 6.645e-03 -0.757 0.638 0.207 -0.323 -0.648 -0.888 -1.385 -1.455
0.0060543 -0.40000 9.29003 1.6027325392 2.5467277336    1.597  2.239  3.6679  2.026    7  0.000  0.358     0.00     0.00     0.00     0.00     0.00 -1 -2.72e-10      0.00 7.107e-01 2.827e-01 6.976e-04 7.760e-04 2.601e-03 -1.000 6.645e-03 -0.827 0.592 0.156 -0.381 -0.709 -0.951 -1.453 -1.524
0.0060543 -0.40000 9.29003 1.6030124426 2.5467475293    1.597  2.275  3.6649  1.978    7  0.000  0.358     0.00     0.00     0.00     0.00     0.00 -1 -3.27e-10      0.00 7.107e-01 2.827e-01 6.976e-04 7.761e-04 2.601e-03 -1.000 6.645e-03 -0.917 0.540 0.094 -0.453 -0.788 -1.033 -1.540 -1.613
0.0060543 -0.40000 9.29003 1.6032556295 2.5467647218    1.597  2.312  3.6618  1.928    7  0.000  0.358     0.00     0.00     0.00     0.00     0.00 -1 -3.97e-10      0.00 7.106e-01 2.827e-01 6.976e-04 7.763e-04 2.601e-03 -1.000 6.644e-03 -1.011 0.490 0.031 -0.528 -0.869 -1.118 -1.631 -1.704
0.0060543 -0.40000 9.29003 1.6034713984 2.5467799709    1.597  2.351  3.6587  1.878    7  0.000  0.358     0.00     0.00     0.00     0.00     0.00 -1 -4.82e-10      0.00 7.106e-01 2.827e-01 6.975e-04 7.765e-04 2.601e-03 -1.000 6.644e-03 -1.106 0.439 -0.033 -0.605 -0.952 -1.205 -1.722 -1.797
0.0060543 -0.40000 9.29003 1.6036632061 2.5467935227    1.597  2.390  3.6555  1.826    7  0.000  0.358     0.00     0.00     0.00     0.00     0.00 -1 -5.85e-10      0.00 7.106e-01 2.827e-01 6.975e-04 7.766e-04 2.600e-03 -1.000 6.644e-03 -1.204 0.389 -0.097 -0.681 -1.036 -1.292 -1.815 -1.891
0.0060543 -0.40000 9.29003 1.6038341522 2.5468055974    1.597  2.429  3.6522  1.773    7  0.000  0.358     0.00     0.00     0.00     0.00     0.00 -1 -7.16e-10      0.00 7.106e-01 2.827e-01 6.974e-04 7.767e-04 2.600e-03 -1.000 6.644e-03 -1.303 0.339 -0.162 -0.759 -1.120 -1.380 -1.909 -1.986
0.0060543 -0.40000 9.29003 1.6039868593 2.5468163812    1.597  2.469  3.6489  1.720    7  0.000  0.358     0.00     0.00     0.00     0.00     0.00 -1 -8.83e-10      0.00 7.106e-01 2.827e-01 6.974e-04 7.768e-04 2.600e-03 -1.000 6.644e-03 -1.403 0.288 -0.228 -0.837 -1.205 -1.468 -2.003 -2.081
0.0060543 -0.40000 9.29003 1.6041234732 2.5468260266    1.596  2.509  3.6456  1.667    7  0.000  0.358     6.23     4.72     3.43     2.57     2.09  4 -1.08e-09      0.00 7.106e-01 2.827e-01 6.974e-04 7.769e-04 2.600e-03 -1.000 6.644e-03 -1.502 0.240 -0.290 -0.912 -1.287 -1.553 -2.094 -2.174
0.0060543 -0.40000 9.29003 1.6042485237 2.5468348540    1.596  2.549  3.6423  1.614    7  0.000  0.358     6.94     5.19     3.75     2.83     2.30  4 -1.31e-09      0.00 7.106e-01 2.827e-01 6.974e-04 7.770e-04 2.600e-03 -1.000 6.644e-03 -1.601 0.194 -0.353 -0.987 -1.368 -1.637 -2.185 -2.267
0.0060543 -0.40000 9.29003 1.6043621302 2.5468428721    1.596  2.587  3.6381  1.558    7  0.000  0.358     7.76     5.74     4.13     3.12     2.53  4 -1.59e-09      0.00 7.106e-01 2.827e-01 6.973e-04 7.771e-04 2.600e-03 -1.000 6.644e-03 -1.699 0.161 -0.404 -1.053 -1.442 -1.715 -2.271 -2.355
0.0060543 -0.40000 9.29003 1.6044697762 2.5468504683    1.595  2.628  3.6333  1.498    7  0.000  0.357     8.76     6.39     4.58     3.46     2.81  4 -1.95e-09      0.00 7.106e-01 2.827e-01 6.971e-04 7.772e-04 2.600e-03 -1.000 6.644e-03 -1.800 0.134 -0.451 -1.116 -1.514 -1.791 -2.359 -2.444
0.0060543 -0.40000 9.29003 1.6045717001 2.5468576597    1.595  2.669  3.6295  1.441    7  0.000  0.357     9.82     7.09     5.05     3.82     3.11  4 -2.41e-09      0.00 7.106e-01 2.827e-01 6.967e-04 7.776e-04 2.600e-03 -1.000 6.644e-03 -1.903 0.093 -0.505 -1.183 -1.590 -1.872 -2.451 -2.539
0.0060543 -0.40000 9.29003 1.6046642065 2.5468641857    1.594  2.707  3.6263  1.390    7  0.000  0.357    10.89     7.77     5.52     4.18     3.40  4 -2.91e-09      0.00 7.106e-01 2.827e-01 6.957e-04 7.785e-04 2.600e-03 -1.000 6.644e-03 -1.998 0.051 -0.559 -1.247 -1.663 -1.948 -2.538 -2.627
0.0060543 -0.40000 9.29003 1.6047561169 2.5468706688    1.593  2.746  3.6231  1.339    7  0.000  0.356    12.08     8.53     6.03     4.57     3.72  4 -3.51e-09      0.00 7.106e-01 2.827e-01 6.943e-04 7.800e-04 2.600e-03 -1.000 6.644e-03 -2.095 0.009 -0.612 -1.311 -1.735 -2.025 -2.625 -2.716
0.0060543 -0.40000 9.29003 1.6048488617 2.5468772099    1.592  2.785  3.6198  1.286    7  0.000  0.355    13.43     9.38     6.60     5.01     4.08  4 -4.25e-09      0.00 7.106e-01 2.827e-01 6.926e-04 7.821e-04 2.600e-03 -1.000 6.644e-03 -2.193 -0.033 -0.666 -1.377 -1.809 -2.103 -2.713 -2.807
0.0060543 -0.40000 9.29003 1.6049419641 2.5468837753    1.591  2.827  3.6164  1.230    7  0.000  0.354    15.04    10.37     7.27     5.53     4.50  4  -5.2e-09      0.00 7.106e-01 2.828e-01 6.908e-04 7.843e-04 2.600e-03 -1.000 6.621e-03 -2.297 -0.076 -0.721 -1.443 -1.885 -2.183 -2.806 -2.902
0.0060543 -0.40000 9.29003 1.6050291061 2.5468899196    1.589  2.874  3.6124  1.167    7  0.000  0.353    17.08    11.63     8.11     6.18     5.03  4 -6.52e-09      0.00 7.106e-01 2.828e-01 6.891e-04 7.865e-04 2.600e-03 -1.000 6.578e-03 -2.415 -0.123 -0.782 -1.518 -1.971 -2.273 -2.911 -3.009
0.0060543 -0.40000 9.29003 1.6050934792 2.5468944580    1.588  2.925  3.6081  1.098    7  0.000  0.353    19.62    13.16     9.13     6.97     5.68  4 -8.29e-09      0.00 7.106e-01 2.828e-01 6.875e-04 7.886e-04 2.600e-03 -1.000 6.576e-03 -2.543 -0.171 -0.845 -1.597 -2.062 -2.369 -3.024 -3.125
0.0060543 -0.40000 9.29003 1.6051334143 2.5468972733    1.587  2.969  3.6044  1.040    7  0.000  0.352    22.08    14.63    10.10     7.72     6.29  3 -1.02e-08      0.00 7.106e-01 2.828e-01 6.863e-04 7.900e-04 2.600e-03 -1.000 6.575e-03 -2.651 -0.208 -0.896 -1.661 -2.136 -2.448 -3.119 -3.222
0.0060543 -0.40000 9.29003 1.6051684618 2.5468997439    1.586  3.012  3.6007  0.981    7  0.000  0.351    24.85    16.26    11.17     8.55     6.97  3 -1.26e-08      0.00 7.106e-01 2.828e-01 6.853e-04 7.913e-04 2.600e-03 -1.000 6.567e-03 -2.759 -0.243 -0.945 -1.723 -2.209 -2.525 -3.212 -3.319
0.0060543 -0.40000 9.29003 1.6052000523 2.5469019707    1.584  3.054  3.5969  0.924    7  0.000  0.351    27.91    18.04    12.33     9.46     7.71  3 -1.53e-08      0.00 7.106e-01 2.828e-01 6.845e-04 7.922e-04 2.600e-03 -1.000 6.563e-03 -2.865 -0.270 -0.986 -1.777 -2.276 -2.596 -3.303 -3.412
0.0060543 -0.40000 9.29003 1.6052303314 2.5469041049    1.583  3.097  3.5931  0.865    7  0.000  0.351    31.44    20.06    13.65    10.49     8.55  3 -1.87e-08      0.00 7.106e-01 2.828e-01 6.839e-04 7.930e-04 2.600e-03 -1.000 6.563e-03 -2.973 -0.294 -1.025 -1.830 -2.341 -2.666 -3.394 -3.507
0.0060543 -0.40000 9.29003 1.6052566767 2.5469059618    1.581  3.134  3.5896  0.813    7  0.000  0.351    34.88    22.02    14.91    11.47     9.36  3 -2.22e-08      0.00 7.106e-01 2.828e-01 6.836e-04 7.934e-04 2.600e-03 -1.000 6.563e-03 -3.066 -0.314 -1.058 -1.874 -2.397 -2.725 -3.473 -3.588
0.0060543 -0.40000 9.29003 1.6052857637 2.5469080119    1.579  3.172  3.5860  0.760    7  0.000  0.350    38.78    24.21    16.33    12.58    10.26  3 -2.65e-08      0.00 7.106e-01 2.828e-01 6.834e-04 7.936e-04 2.600e-03 -1.000 6.563e-03 -3.160 -0.328 -1.085 -1.913 -2.446 -2.778 -3.551 -3.670
0.0060543 -0.40000 9.29003 1.6053093672 2.5469096754    1.577  3.183  3.5850  0.745    7  0.000  0.350    39.98    24.88    16.76    12.92    10.54  3 -2.78e-08      0.00 7.106e-01 2.828e-01 6.834e-04 7.936e-04 2.600e-03 -1.000 6.563e-03 -3.186 -0.331 -1.092 -1.922 -2.459 -2.792 -3.572 -3.692
0.0060543 -0.40000 9.29003 1.6053173542 2.5469102383    1.576  3.189  3.5843  0.735    7  0.000  0.350    40.77    25.31    17.04    13.14    10.72  3 -2.88e-08      0.00 7.106e-01 2.828e-01 6.829e-04 7.943e-04 2.600e-03 -1.000 6.563e-03 -3.203 -0.332 -1.095 -1.927 -2.466 -2.800 -3.585 -3.706
0.0060543 -0.40000 9.29003 1.6053179502 2.5469102803    1.576  3.197  3.5834  0.724    7  0.000  0.350    41.74    25.85    17.39    13.41    10.94  3    -3e-08      0.00 7.106e-01 2.828e-01 6.825e-04 7.947e-04 2.600e-03 -1.000 6.563e-03 -3.224 -0.334 -1.100 -1.935 -2.476 -2.811 -3.602 -3.724
0.0060543 -0.40000 9.29003 1.6053181887 2.5469102971    1.576  3.195  3.5837  0.727    7  0.000  0.350    41.48    25.71    17.29    13.34    10.88  3 -2.97e-08      0.00 7.106e-01 2.828e-01 6.825e-04 7.947e-04 2.600e-03 -1.000 6.563e-03 -3.218 -0.333 -1.098 -1.933 -2.474 -2.808 -3.598 -3.719
0.0060543 -0.40000 9.29003 1.6053183079 2.5469103055    1.576  3.190  3.5842  0.734    7  0.000  0.350    40.85    25.36    17.07    13.16    10.74  3  -2.9e-08      0.00 7.106e-01 2.828e-01 6.825e-04 7.947e-04 2.600e-03 -1.000 6.563e-03 -3.205 -0.332 -1.095 -1.928 -2.467 -2.801 -3.586 -3.707
0.0060543 -0.40000 9.29003 1.6053184271 2.5469103139    1.576  3.186  3.5846  0.740    7  0.000  0.350    40.37    25.09    16.90    13.03    10.63  3 -2.84e-08      0.00 7.106e-01 2.828e-01 6.825e-04 7.947e-04 2.600e-03 -1.000 6.563e-03 -3.194 -0.330 -1.092 -1.924 -2.461 -2.795 -3.578 -3.698
0.0060543 -0.40000 9.29003 1.6053185463 2.5469103223    1.576  3.182  3.5849  0.745    7  0.000  0.350    39.97    24.87    16.76    12.91    10.54  3  -2.8e-08      0.00 7.106e-01 2.828e-01 6.825e-04 7.947e-04 2.600e-03 -1.000 6.563e-03 -3.185 -0.329 -1.089 -1.920 -2.457 -2.790 -3.570 -3.690
0.0060543 -0.40000 9.29003 1.6053186655 2.5469103307    1.576  3.178  3.5853  0.750    7  0.000  0.350    39.55    24.64    16.61    12.80    10.44  3 -2.75e-08      0.00 7.106e-01 2.828e-01 6.825e-04 7.947e-04 2.600e-03 -1.000 6.563e-03 -3.176 -0.327 -1.087 -1.916 -2.452 -2.785 -3.563 -3.682
0.0060543 -0.40000 9.29003 1.6053189039 2.5469103475    1.576  3.174  3.5857  0.756    7  0.000  0.350    39.09    24.38    16.44    12.67    10.34  3  -2.7e-08      0.00 7.106e-01 2.828e-01 6.825e-04 7.947e-04 2.600e-03 -1.000 6.563e-03 -3.165 -0.326 -1.084 -1.912 -2.446 -2.779 -3.554 -3.673
0.0060543 -0.40000 9.29003 1.6053190231 2.5469103559    1.576  3.170  3.5861  0.762    7  0.000  0.350    38.65    24.14    16.28    12.54    10.24  3 -2.65e-08      0.00 7.106e-01 2.828e-01 6.825e-04 7.947e-04 2.600e-03 -1.000 6.563e-03 -3.155 -0.324 -1.081 -1.908 -2.441 -2.773 -3.546 -3.665
0.0060543 -0.40000 9.29003 1.6053192616 2.5469103727    1.576  3.165  3.5866  0.769    7  0.000  0.350    38.12    23.84    16.09    12.39    10.11  3 -2.59e-08      0.00 7.106e-01 2.828e-01 6.825e-04 7.947e-04 2.600e-03 -1.000 6.564e-03 -3.143 -0.323 -1.077 -1.903 -2.435 -2.766 -3.536 -3.654
0.0060543 -0.40000 9.29003 1.6053193808 2.5469103811    1.576  3.161  3.5869  0.774    7  0.000  0.350    37.69    23.60    15.94    12.27    10.01  3 -2.54e-08      0.00 7.106e-01 2.828e-01 6.825e-04 7.947e-04 2.600e-03 -1.000 6.564e-03 -3.133 -0.321 -1.074 -1.899 -2.430 -2.761 -3.527 -3.645
0.0060543 -0.40000 9.29003 1.6053203344 2.5469104483    1.576  3.140  3.5890  0.804    7  0.000  0.350    35.50    22.37    15.14    11.65     9.51  3  -2.3e-08      0.00 7.106e-01 2.828e-01 6.825e-04 7.947e-04 2.600e-03 -1.000 6.565e-03 -3.079 -0.313 -1.059 -1.878 -2.402 -2.731 -3.483 -3.599
0.0060543 -0.40000 9.29003 1.6053224802 2.5469105996    1.575  3.179  3.5853  0.750    7  0.000  0.350    39.58    24.65    16.62    12.80    10.45  3 -2.73e-08      0.00 7.106e-01 2.828e-01 6.824e-04 7.948e-04 2.600e-03 -1.000 6.572e-03 -3.176 -0.328 -1.087 -1.917 -2.453 -2.786 -3.563 -3.683
0.0060543 -0.40000 9.29003 1.6053246260 2.5469107508    1.575  3.216  3.5817  0.699    7  0.000  0.350    43.91    27.05    18.15    14.01    11.44  2 -3.23e-08      0.00 7.106e-01 2.828e-01 6.824e-04 7.949e-04 2.600e-03 -1.000 6.574e-03 -3.269 -0.340 -1.112 -1.953 -2.500 -2.836 -3.639 -3.762
0.0060543 -0.40000 9.29003 1.6053268909 2.5469109104    1.575  3.252  3.5781  0.647    7  0.000  0.350    48.71    29.68    19.84    15.33    12.51  2 -3.82e-08      0.00 7.106e-01 2.828e-01 6.823e-04 7.950e-04 2.600e-03 -1.000 6.573e-03 -3.361 -0.348 -1.132 -1.982 -2.540 -2.880 -3.713 -3.840
0.0060543 -0.40000 9.29003 1.6053293943 2.5469110868    1.575  3.284  3.5749  0.602    7  0.000  0.350    53.34    32.19    21.43    16.58    13.54  2 -4.42e-08      0.00 7.106e-01 2.828e-01 6.822e-04 7.951e-04 2.600e-03 -1.000 6.568e-03 -3.441 -0.351 -1.145 -2.001 -2.569 -2.911 -3.775 -3.906
0.0060543 -0.40000 9.29003 1.6053326130 2.5469113137    1.574  3.316  3.5717  0.558    7  0.526  0.350    58.38    34.89    23.15    17.93    14.65  2  -5.1e-08      0.00 7.106e-01 2.828e-01 6.822e-04 7.952e-04 2.600e-03 -1.000 6.566e-03 -3.520 -0.353 -1.156 -2.019 -2.597 -2.941 -3.836 -3.972
0.0060543 -0.40000 9.29003 1.6053380966 2.5469117001    1.573  3.354  3.5677  0.503    7  0.527  0.350    65.17    38.50    25.43    19.73    16.12  2 -6.06e-08      0.00 7.106e-01 2.828e-01 6.821e-04 7.952e-04 2.600e-03 -1.000 6.566e-03 -3.615 -0.348 -1.162 -2.030 -2.619 -2.965 -3.908 -4.049
0.0060543 -0.40000 9.29003 1.6053409576 2.5469119017    1.572  3.369  3.5662  0.483    7  0.527  0.350    67.94    39.96    26.35    20.45    16.71  2 -6.48e-08      0.00 7.106e-01 2.828e-01 6.821e-04 7.953e-04 2.600e-03 -1.000 6.566e-03 -3.652 -0.342 -1.161 -2.031 -2.624 -2.971 -3.934 -4.078
0.0060543 -0.40000 9.29003 1.6053411961 2.5469119185    1.572  3.369  3.5662  0.483    8  0.527  0.368    67.94    39.96    26.35    20.45    16.71  2 -6.45e-08      0.00 7.106e-01 2.833e-01 7.218e-04 7.958e-04 2.614e-03 -1.000 6.080e-03 -3.652 -0.342 -1.161 -2.031 -2.624 -2.971 -3.934 -4.078
0.0060543 -0.40000 9.29003 1.6053416729 2.5469119521    1.572  3.122  3.5901  0.825    8  0.527  0.368    33.98    21.52    14.59    11.22     9.15  3 -2.15e-08      0.00 7.106e-01 2.833e-01 7.218e-04 7.958e-04 2.614e-03 -1.000 6.080e-03 -3.034 -0.294 -1.036 -1.851 -2.371 -2.699 -3.444 -3.559
0.0060543 -0.40000 9.29003 1.6053420305 2.5469119774    1.572  3.045  3.5975  0.932    8  0.527  0.368    27.37    17.73    12.13     9.30     7.59  3 -1.51e-08      0.00 7.106e-01 2.833e-01 7.218e-04 7.958e-04 2.614e-03 -1.000 6.080e-03 -2.841 -0.258 -0.972 -1.761 -2.258 -2.578 -3.282 -3.390
0.0060543 -0.40000 9.29003 1.6053431034 2.5469120530    1.572  2.818  3.6193  1.246    8  0.527  0.368    14.51    10.06     7.06     5.37     4.37  4 -5.19e-09      0.00 7.106e-01 2.833e-01 7.218e-04 7.958e-04 2.614e-03 -1.000 6.080e-03 -2.275 -0.100 -0.738 -1.452 -1.887 -2.181 -2.794 -2.888
0.0060543 -0.40000 9.29003 1.6053447723 2.5469121706    1.572  2.822  3.6188  1.239    8  0.527  0.368    14.70    10.18     7.14     5.43     4.42  4  -5.3e-09      0.00 7.106e-01 2.833e-01 7.218e-04 7.958e-04 2.614e-03 -1.000 6.080e-03 -2.286 -0.102 -0.742 -1.458 -1.894 -2.189 -2.804 -2.898
0.0060543 -0.40000 9.29003 1.6053470373 2.5469123302    1.571  2.918  3.6095  1.106    8  0.527  0.368    19.23    12.93     8.97     6.85     5.58  4 -8.36e-09      0.00 7.106e-01 2.833e-01 7.218e-04 7.958e-04 2.614e-03 -1.000 6.080e-03 -2.524 -0.175 -0.846 -1.594 -2.056 -2.361 -3.011 -3.110
0.0060543 -0.40000 9.29003 1.6053497791 2.5469125234    1.571  3.080  3.5937  0.881    8  0.527  0.368    30.32    19.43    13.23    10.16     8.29  3 -1.78e-08      0.00 7.106e-01 2.833e-01 7.218e-04 7.958e-04 2.614e-03 -1.000 6.080e-03 -2.929 -0.267 -0.995 -1.797 -2.305 -2.629 -3.354 -3.466
0.0060543 -0.40000 9.29003 1.6053531170 2.5469127586    1.570  3.227  3.5793  0.676    8  0.527  0.368    45.95    28.17    18.87    14.57    11.90  2 -3.47e-08      0.00 7.106e-01 2.833e-01 7.219e-04 7.958e-04 2.614e-03 -1.000 6.080e-03 -3.298 -0.319 -1.097 -1.943 -2.497 -2.835 -3.657 -3.782
0.0060543 -0.40000 9.29003 1.6053571701 2.5469130443    1.569  3.327  3.5695  0.537    8  0.528  0.368    60.83    36.20    23.97    18.58    15.18  2  -5.4e-08      0.00 7.106e-01 2.833e-01 7.219e-04 7.958e-04 2.614e-03 -1.000 6.080e-03 -3.547 -0.330 -1.139 -2.005 -2.588 -2.933 -3.851 -3.989
0.0060543 -0.40000 9.29003 1.6053617001 2.5469133635    1.568  3.379  3.5642  0.463    8  0.528  0.368    70.63    41.37    27.24    21.15    17.28  2 -6.81e-08      0.00 7.106e-01 2.833e-01 7.219e-04 7.958e-04 2.614e-03 -1.000 6.080e-03 -3.678 -0.317 -1.141 -2.011 -2.610 -2.958 -3.948 -4.095
0.0060543 -0.40000 9.29003 1.6053669453 2.5469137331    1.567  3.403  3.5617  0.429    8  0.528  0.368    75.59    43.95    28.86    22.43    18.33  2 -7.55e-08      0.00 7.106e-01 2.833e-01 7.220e-04 7.958e-04 2.614e-03 -1.000 6.080e-03 -3.736 -0.305 -1.136 -2.009 -2.616 -2.965 -3.990 -4.141
0.0060543 -0.40000 9.29003 1.6053727865 2.5469141448    1.566  3.414  3.5602  0.411    8  0.528  0.368    78.39    45.40    29.77    23.15    18.92  2 -7.97e-08      0.00 7.106e-01 2.833e-01 7.220e-04 7.958e-04 2.614e-03 -1.000 6.080e-03 -3.766 -0.295 -1.130 -2.004 -2.616 -2.966 -4.010 -4.164
0.0060543 -0.40000 9.29003 1.6053730249 2.5469141616    1.566  3.242  3.5769  0.651    8  0.528  0.368    48.30    29.46    19.69    15.22    12.42  2 -3.73e-08      0.00 7.106e-01 2.833e-01 7.221e-04 7.958e-04 2.614e-03 -1.000 6.080e-03 -3.334 -0.300 -1.084 -1.934 -2.495 -2.835 -3.679 -3.808
0.0060543 -0.40000 9.29003 1.6053737402 2.5469142120    1.566  3.097  3.5909  0.851    8  0.528  0.368    32.17    20.49    13.92    10.70     8.73  3 -1.94e-08      0.00 7.106e-01 2.833e-01 7.222e-04 7.958e-04 2.614e-03 -1.000 6.081e-03 -2.972 -0.253 -0.990 -1.800 -2.318 -2.644 -3.384 -3.498
0.0060543 -0.40000 9.29003 1.6053750515 2.5469143044    1.565  2.871  3.6127  1.165    8  0.529  0.368    17.06    11.63     8.11     6.18     5.03  4 -6.77e-09      0.00 7.106e-01 2.833e-01 7.224e-04 7.958e-04 2.614e-03 -1.000 6.081e-03 -2.406 -0.117 -0.776 -1.512 -1.964 -2.266 -2.903 -3.001
0.0060543 -0.40000 9.29003 1.6053770781 2.5469144472    1.565  2.875  3.6122  1.158    8  0.529  0.369    17.30    11.77     8.20     6.25     5.09  4 -6.93e-09      0.00 7.106e-01 2.833e-01 7.227e-04 7.959e-04 2.614e-03 -1.000 6.081e-03 -2.418 -0.120 -0.780 -1.518 -1.972 -2.274 -2.913 -3.011
0.0060543 -0.40000 9.29003 1.6053797007 2.5469146320    1.564  2.970  3.6029  1.026    8  0.529  0.369    22.58    14.93    10.29     7.88     6.42  3 -1.08e-08      0.00 7.106e-01 2.833e-01 7.231e-04 7.959e-04 2.614e-03 -1.000 6.082e-03 -2.655 -0.185 -0.877 -1.646 -2.126 -2.439 -3.116 -3.221
0.0060543 -0.40000 9.29003 1.6053830385 2.5469148672    1.564  3.130  3.5874  0.804    8  0.529  0.369    35.42    22.33    15.12    11.63     9.49  3 -2.27e-08      0.00 7.106e-01 2.834e-01 7.236e-04 7.959e-04 2.614e-03 -1.000 6.082e-03 -3.055 -0.260 -1.009 -1.830 -2.358 -2.688 -3.451 -3.569
0.0060543 -0.40000 9.29003 1.6053870916 2.5469151529    1.563  3.276  3.5731  0.600    8  0.529  0.369    53.46    32.25    21.47    16.62    13.57  2 -4.37e-08      0.00 7.105e-01 2.834e-01 7.242e-04 7.959e-04 2.615e-03 -1.000 6.083e-03 -3.420 -0.295 -1.091 -1.948 -2.520 -2.863 -3.744 -3.878
0.0060543 -0.40000 9.29003 1.6053917408 2.5469154805    1.562  3.374  3.5634  0.463    8  0.530  0.370    70.58    41.34    27.21    21.14    17.27  2 -6.74e-08      0.00 7.105e-01 2.834e-01 7.249e-04 7.960e-04 2.615e-03 -1.000 6.084e-03 -3.666 -0.287 -1.111 -1.981 -2.582 -2.929 -3.930 -4.079
0.0060543 -0.40000 9.29003 1.6053972244 2.5469158669    1.560  3.426  3.5581  0.389    8  0.530  0.370    81.87    47.19    30.88    24.04    19.65  2 -8.47e-08      0.00 7.105e-01 2.834e-01 7.257e-04 7.960e-04 2.615e-03 -1.000 6.085e-03 -3.796 -0.263 -1.102 -1.975 -2.593 -2.942 -4.024 -4.181
0.0060543 -0.40000 9.29003 1.6054034233 2.5469163037    1.559  3.450  3.5556  0.356    8  0.530  0.370    87.63    50.15    32.73    25.50    20.84  2  -9.4e-08      0.00 7.105e-01 2.834e-01 7.266e-04 7.961e-04 2.615e-03 -1.000 6.086e-03 -3.854 -0.244 -1.088 -1.959 -2.585 -2.935 -4.062 -4.225
0.0060543 -0.40000 9.29003 1.6054104567 2.5469167993    1.558  3.462  3.5542  0.337    8  0.531  0.371    90.94    51.83    33.78    26.33    21.52  2 -9.93e-08      0.00 7.105e-01 2.834e-01 7.277e-04 7.961e-04 2.615e-03 -1.000 6.087e-03 -3.885 -0.230 -1.077 -1.948 -2.578 -2.927 -4.081 -4.247
0.0060543 -0.40000 9.29003 1.6054106951 2.5469168161    1.557  3.296  3.5703  0.567    8  0.531  0.371    57.11    34.21    22.72    17.60    14.37  2 -4.82e-08      0.00 7.105e-01 2.834e-01 7.278e-04 7.961e-04 2.615e-03 -1.000 6.087e-03 -3.471 -0.280 -1.083 -1.946 -2.527 -2.871 -3.780 -3.917
0.0060543 -0.40000 9.29003 1.6054115295 2.5469168749    1.557  3.152  3.5843  0.767    8  0.531  0.371    38.09    23.83    16.08    12.39    10.11  3 -2.54e-08      0.00 7.105e-01 2.835e-01 7.281e-04 7.961e-04 2.615e-03 -1.000 6.088e-03 -3.111 -0.250 -1.008 -1.837 -2.375 -2.708 -3.493 -3.613
0.0060543 -0.40000 9.29003 1.6054130793 2.5469169841    1.557  2.926  3.6062  1.081    8  0.531  0.371    20.19    13.52     9.36     7.15     5.83  3 -8.97e-09      0.00 7.104e-01 2.835e-01 7.286e-04 7.961e-04 2.616e-03 -1.000 6.088e-03 -2.546 -0.140 -0.820 -1.577 -2.047 -2.356 -3.020 -3.122
0.0060543 -0.40000 9.29003 1.6054153442 2.5469171437    1.556  2.931  3.6057  1.074    8  0.531  0.372    20.46    13.68     9.47     7.23     5.90  3 -9.18e-09      0.00 7.104e-01 2.835e-01 7.293e-04 7.962e-04 2.616e-03 -1.000 6.089e-03 -2.557 -0.142 -0.824 -1.583 -2.054 -2.364 -3.029 -3.132
0.0060543 -0.40000 9.29003 1.6054183245 2.5469173537    1.555  3.024  3.5966  0.944    8  0.531  0.372    26.61    17.30    11.85     9.09     7.41  3 -1.42e-08      0.00 7.104e-01 2.835e-01 7.303e-04 7.962e-04 2.616e-03 -1.000 6.091e-03 -2.790 -0.196 -0.909 -1.699 -2.198 -2.518 -3.227 -3.336
0.0060543 -0.40000 9.29003 1.6054221392 2.5469176225    1.554  3.181  3.5811  0.725    8  0.532  0.373    41.47    25.71    17.29    13.34    10.89  3 -2.91e-08      0.00 7.104e-01 2.835e-01 7.315e-04 7.962e-04 2.616e-03 -1.000 6.092e-03 -3.183 -0.254 -1.022 -1.861 -2.408 -2.744 -3.551 -3.674
0.0060543 -0.40000 9.29003 1.6054267883 2.5469179501    1.553  3.325  3.5670  0.525    8  0.532  0.374    62.17    36.91    24.42    18.94    15.47  2  -5.5e-08      0.00 7.104e-01 2.836e-01 7.331e-04 7.963e-04 2.617e-03 -1.000 6.094e-03 -3.541 -0.267 -1.078 -1.943 -2.532 -2.878 -3.829 -3.972
0.0060543 -0.40000 9.29003 1.6054321527 2.5469183281    1.552  3.421  3.5574  0.390    8  0.532  0.374    81.67    47.08    30.81    23.99    19.60  2 -8.39e-08      0.00 7.103e-01 2.836e-01 7.348e-04 7.963e-04 2.617e-03 -1.000 6.096e-03 -3.782 -0.232 -1.070 -1.941 -2.560 -2.909 -4.004 -4.163
0.0060543 -0.40000 9.29003 1.6054383516 2.5469187649    1.550  3.471  3.5523  0.318    8  0.533  0.375    94.39    53.58    34.86    27.19    22.23  2 -1.05e-07      0.00 7.103e-01 2.836e-01 7.369e-04 7.964e-04 2.618e-03 -1.000 6.099e-03 -3.908 -0.197 -1.047 -1.916 -2.551 -2.900 -4.089 -4.259
0.0060543 -0.40000 9.29003 1.6054455042 2.5469192689    1.548  3.493  3.5498  0.286    8  0.533  0.376   100.77    56.80    36.85    28.77    23.52  2 -1.16e-07      0.00 7.102e-01 2.837e-01 7.392e-04 7.965e-04 2.618e-03 -1.000 6.102e-03 -3.963 -0.177 -1.032 -1.899 -2.542 -2.891 -4.125 -4.300
0.0060543 -0.40000 9.29003 1.6054534912 2.5469198317    1.546  3.505  3.5485  0.269    8  0.534  0.378   104.33    58.58    37.96    29.65    24.24  2 -1.22e-07      0.00 7.102e-01 2.837e-01 7.419e-04 7.965e-04 2.619e-03 -1.000 6.105e-03 -3.991 -0.156 -1.014 -1.877 -2.525 -2.873 -4.139 -4.317
0.0060543 -0.40000 9.29003 1.6054537296 2.5469198485    1.546  3.348  3.5639  0.487    8  0.534  0.378    67.06    39.48    26.04    20.22    16.52  2 -6.19e-08      0.00 7.102e-01 2.837e-01 7.421e-04 7.965e-04 2.619e-03 -1.000 6.105e-03 -3.600 -0.244 -1.063 -1.930 -2.528 -2.875 -3.868 -4.015
0.0060543 -0.40000 9.29003 1.6054546833 2.5469199157    1.546  3.205  3.5780  0.687    8  0.534  0.378    44.74    27.52    18.45    14.25    11.63  2 -3.29e-08      0.00 7.102e-01 2.837e-01 7.427e-04 7.965e-04 2.619e-03 -1.000 6.106e-03 -3.242 -0.242 -1.020 -1.865 -2.421 -2.760 -3.593 -3.721
0.0060543 -0.40000 9.29003 1.6054562330 2.5469200249    1.545  2.979  3.6004  1.002    8  0.534  0.379    23.63    15.56    10.70     8.20     6.68  3 -1.17e-08      0.00 7.101e-01 2.838e-01 7.438e-04 7.965e-04 2.619e-03 -1.000 6.107e-03 -2.677 -0.162 -0.862 -1.638 -2.125 -2.440 -3.129 -3.235
0.0060543 -0.40000 9.29003 1.6054586172 2.5469201929    1.544  2.983  3.6000  0.996    8  0.534  0.379    23.89    15.72    10.81     8.28     6.75  3  -1.2e-08      0.00 7.101e-01 2.838e-01 7.454e-04 7.965e-04 2.620e-03 -1.000 6.109e-03 -2.686 -0.163 -0.864 -1.642 -2.130 -2.446 -3.137 -3.243
0.0060543 -0.40000 9.29003 1.6054617167 2.5469204113    1.543  3.073  3.5909  0.869    8  0.535  0.380    30.89    19.77    13.45    10.34     8.43  3 -1.82e-08      0.00 7.101e-01 2.838e-01 7.476e-04 7.965e-04 2.620e-03 -1.000 6.112e-03 -2.913 -0.201 -0.935 -1.743 -2.260 -2.586 -3.325 -3.439
0.0060543 -0.40000 9.29003 1.6054656506 2.5469206885    1.542  3.226  3.5757  0.655    8  0.535  0.382    47.62    29.09    19.45    15.04    12.28  2 -3.63e-08      0.00 7.100e-01 2.839e-01 7.503e-04 7.965e-04 2.621e-03 -1.000 6.116e-03 -3.294 -0.238 -1.023 -1.873 -2.436 -2.776 -3.632 -3.763
0.0060543 -0.40000 9.29003 1.6054705381 2.5469210329    1.541  3.364  3.5618  0.461    8  0.535  0.383    70.57    41.32    27.20    21.14    17.27  2  -6.7e-08      0.00 7.099e-01 2.839e-01 7.536e-04 7.966e-04 2.621e-03 -1.000 6.120e-03 -3.640 -0.227 -1.051 -1.920 -2.524 -2.872 -3.894 -4.045
0.0060543 -0.40000 9.29003 1.6054761410 2.5469214276    1.539  3.456  3.5525  0.332    8  0.536  0.385    91.72    52.21    34.00    26.52    21.68  2    -1e-07      0.00 7.099e-01 2.840e-01 7.574e-04 7.966e-04 2.622e-03 -1.000 6.125e-03 -3.869 -0.171 -1.019 -1.886 -2.520 -2.869 -4.053 -4.222
0.0060543 -0.40000 9.29003 1.6054826975 2.5469218896    1.537  3.502  3.5477  0.265    8  0.536  0.387   104.97    58.89    38.14    29.80    24.37  2 -1.23e-07      0.00 7.098e-01 2.841e-01 7.617e-04 7.966e-04 2.623e-03 -1.000 6.130e-03 -3.986 -0.126 -0.983 -1.844 -2.494 -2.841 -4.126 -4.306
0.0060543 -0.40000 9.29003 1.6054900885 2.5469224104    1.534  3.521  3.5456  0.237    8  0.537  0.389   111.00    61.89    40.00    31.27    25.57  2 -1.34e-07      0.00 7.097e-01 2.842e-01 7.665e-04 7.966e-04 2.625e-03 -1.000 6.136e-03 -4.033 -0.099 -0.960 -1.815 -2.472 -2.819 -4.152 -4.337
0.0060543 -0.40000 9.29003 1.6054984331 2.5469229983    1.532  3.529  3.5447  0.225    8  0.538  0.392   113.74    63.25    40.83    31.94    26.12  2 -1.39e-07      0.00 7.096e-01 2.843e-01 7.718e-04 7.966e-04 2.626e-03 -1.000 6.143e-03 -4.053 -0.086 -0.947 -1.801 -2.460 -2.807 -4.161 -4.349
0.0060543 -0.40000 9.29003 1.6054986715 2.5469230151    1.531  3.383  3.5594  0.430    8  0.538  0.393    75.06    43.66    28.66    22.30    18.22  2 -7.41e-08      0.00 7.096e-01 2.843e-01 7.737e-04 7.966e-04 2.626e-03 -1.000 6.145e-03 -3.687 -0.206 -1.037 -1.907 -2.519 -2.868 -3.925 -4.080
0.0060543 -0.40000 9.29003 1.6054996252 2.5469230823    1.531  3.241  3.5737  0.629    8  0.538  0.393    50.14    30.46    20.32    15.73    12.84  2 -3.98e-08      0.00 7.096e-01 2.843e-01 7.748e-04 7.966e-04 2.626e-03 -1.000 6.147e-03 -3.333 -0.230 -1.021 -1.875 -2.444 -2.786 -3.660 -3.793
0.0060543 -0.40000 9.29003 1.6055011749 2.5469231915    1.530  3.016  3.5965  0.945    8  0.538  0.394    26.42    17.20    11.77     9.04     7.37  3 -1.44e-08      0.00 7.095e-01 2.843e-01 7.769e-04 7.965e-04 2.627e-03 -1.000 6.149e-03 -2.770 -0.174 -0.888 -1.677 -2.176 -2.496 -3.205 -3.315
0.0060543 -0.40000 9.29003 1.6055034399 2.5469233511    1.530  3.020  3.5961  0.939    8  0.538  0.396    26.72    17.38    11.89     9.13     7.44  3 -1.47e-08      0.00 7.095e-01 2.844e-01 7.798e-04 7.965e-04 2.627e-03 -1.000 6.153e-03 -2.779 -0.175 -0.890 -1.681 -2.182 -2.502 -3.213 -3.323
0.0060543 -0.40000 9.29003 1.6055065393 2.5469235695    1.528  3.109  3.5870  0.814    8  0.538  0.398    34.46    21.80    14.76    11.37     9.27  3 -2.21e-08      0.00 7.094e-01 2.844e-01 7.837e-04 7.965e-04 2.628e-03 -1.000 6.158e-03 -3.002 -0.205 -0.953 -1.773 -2.301 -2.632 -3.397 -3.515
0.0060543 -0.40000 9.29003 1.6055104733 2.5469238466    1.527  3.258  3.5719  0.604    8  0.539  0.400    52.74    31.87    21.22    16.43    13.41  2 -4.32e-08      0.00 7.094e-01 2.845e-01 7.885e-04 7.964e-04 2.629e-03 -1.000 6.164e-03 -3.375 -0.227 -1.024 -1.882 -2.456 -2.799 -3.692 -3.827
0.0060543 -0.40000 9.29003 1.6055152416 2.5469241826    1.525  3.393  3.5581  0.412    8  0.539  0.403    77.67    45.01    29.50    22.96    18.76  2 -7.84e-08      0.00 7.093e-01 2.846e-01 7.942e-04 7.964e-04 2.630e-03 -1.000 6.171e-03 -3.713 -0.189 -1.023 -1.893 -2.509 -2.857 -3.940 -4.097
0.0060543 -0.40000 9.29003 1.6055208445 2.5469245773    1.523  3.483  3.5488  0.285    8  0.540  0.406   100.55    56.65    36.75    28.71    23.47  2 -1.16e-07      0.00 7.092e-01 2.846e-01 8.006e-04 7.963e-04 2.631e-03 -1.000 6.179e-03 -3.937 -0.120 -0.974 -1.837 -2.482 -2.830 -4.088 -4.266
0.0060543 -0.40000 9.29003 1.6055272818 2.5469250309    1.521  3.529  3.5440  0.219    8  0.540  0.409   114.89    63.80    41.17    32.21    26.34  2 -1.42e-07      0.00 7.091e-01 2.848e-01 8.077e-04 7.962e-04 2.632e-03 -1.000 6.187e-03 -4.052 -0.061 -0.923 -1.774 -2.436 -2.782 -4.153 -4.343
0.0060543 -0.40000 9.29003 1.6055346727 2.5469255516    1.518  3.548  3.5419  0.191    8  0.541  0.413   121.49    67.05    43.16    33.80    27.65  2 -1.55e-07      0.00 7.089e-01 2.849e-01 8.154e-04 7.961e-04 2.634e-03 -1.000 6.197e-03 -4.099 -0.034 -0.899 -1.746 -2.414 -2.759 -4.179 -4.374
0.0060543 -0.40000 9.29003 1.6055428982 2.5469261311    1.515  3.556  3.5410  0.178    8  0.541  0.417   124.63    68.58    44.10    34.55    28.26  2 -1.61e-07      0.00 7.088e-01 2.850e-01 8.235e-04 7.960e-04 2.636e-03 -1.000 6.207e-03 -4.119 -0.020 -0.887 -1.731 -2.403 -2.747 -4.190 -4.387
0.0060543 -0.40000 9.29003 1.6055431366 2.5469261479    1.515  3.420  3.5550  0.370    8  0.541  0.422    84.42    48.47    31.66    24.68    20.17  2 -8.99e-08      0.00 7.087e-01 2.850e-01 8.338e-04 7.959e-04 2.636e-03 -1.000 6.219e-03 -3.780 -0.161 -1.002 -1.870 -2.496 -2.844 -3.982 -4.146
0.0060543 -0.40000 9.29003 1.6055439711 2.5469262067    1.514  3.279  3.5695  0.569    8  0.542  0.423    56.45    33.86    22.48    17.43    14.23  2 -4.87e-08      0.00 7.087e-01 2.851e-01 8.365e-04 7.959e-04 2.636e-03 -1.000 6.222e-03 -3.428 -0.222 -1.026 -1.888 -2.470 -2.815 -3.732 -3.870
0.0060543 -0.40000 9.29003 1.6055454016 2.5469263075    1.514  3.055  3.5927  0.886    8  0.542  0.425    29.66    19.08    13.00     9.99     8.15  3 -1.78e-08      0.00 7.087e-01 2.851e-01 8.412e-04 7.959e-04 2.637e-03 -1.000 6.227e-03 -2.867 -0.189 -0.918 -1.721 -2.232 -2.557 -3.287 -3.399
0.0060543 -0.40000 9.29003 1.6055475473 2.5469264587    1.513  3.058  3.5923  0.880    8  0.542  0.429    30.00    19.27    13.12    10.09     8.23  3 -1.82e-08      0.00 7.086e-01 2.852e-01 8.479e-04 7.958e-04 2.638e-03 -1.000 6.235e-03 -2.876 -0.190 -0.920 -1.725 -2.237 -2.563 -3.295 -3.407
0.0060543 -0.40000 9.29003 1.6055504084 2.5469266602    1.511  3.146  3.5832  0.756    8  0.542  0.433    38.57    24.11    16.25    12.54    10.23  3 -2.71e-08      0.00 7.085e-01 2.852e-01 8.562e-04 7.957e-04 2.639e-03 -1.000 6.245e-03 -3.095 -0.212 -0.973 -1.805 -2.345 -2.680 -3.472 -3.593
0.0060543 -0.40000 9.29003 1.6055541039 2.5469269206    1.510  3.291  3.5681  0.550    8  0.542  0.437    58.61    35.01    23.20    18.00    14.70  2 -5.18e-08      0.00 7.084e-01 2.853e-01 8.657e-04 7.956e-04 2.640e-03 -1.000 6.256e-03 -3.458 -0.215 -1.022 -1.885 -2.471 -2.816 -3.753 -3.894
0.0060543 -0.40000 9.29003 1.6055583954 2.5469272229    1.508  3.423  3.5543  0.362    8  0.543  0.442    85.75    49.14    32.08    25.01    20.44  2 -9.24e-08      0.00 7.083e-01 2.854e-01 8.759e-04 7.955e-04 2.641e-03 -1.000 6.268e-03 -3.788 -0.147 -0.990 -1.857 -2.485 -2.833 -3.985 -4.151
0.0060543 -0.40000 9.29003 1.6055636406 2.5469275925    1.506  3.511  3.5450  0.237    8  0.543  0.447   110.51    61.60    39.80    31.14    25.46  2 -1.35e-07      0.00 7.082e-01 2.855e-01 8.859e-04 7.954e-04 2.642e-03 -1.000 6.280e-03 -4.007 -0.055 -0.915 -1.768 -2.426 -2.772 -4.119 -4.306
0.0060543 -0.40000 9.29003 1.6055696011 2.5469280124    1.503  3.555  3.5402  0.172    8  0.544  0.451   126.00    69.23    44.49    34.87    28.52  2 -1.64e-07      0.00 7.081e-01 2.856e-01 8.948e-04 7.952e-04 2.644e-03 -1.000 6.290e-03 -4.119 0.006 -0.860 -1.702 -2.376 -2.720 -4.181 -4.380
0.0060543 -0.40000 9.29003 1.6055763960 2.5469284911    1.500  3.574  3.5381  0.145    8  0.544  0.454   133.15    72.71    46.62    36.57    29.92  2 -1.79e-07      0.00 7.079e-01 2.858e-01 9.015e-04 7.951e-04 2.645e-03 -1.000 6.299e-03 -4.164 0.042 -0.825 -1.660 -2.342 -2.685 -4.200 -4.406
0.0060543 -0.40000 9.29003 1.6055840254 2.5469290286    1.497  3.582  3.5371  0.132    8  0.545  0.456   136.61    74.38    47.64    37.39    30.58  1 -1.86e-07      0.00 7.078e-01 2.859e-01 9.046e-04 7.950e-04 2.647e-03 -1.000 6.304e-03 -4.184 0.062 -0.806 -1.637 -2.322 -2.664 -4.207 -4.416
0.0060543 -0.40000 9.29003 1.6055842638 2.5469290454    1.497  3.455  3.5505  0.312    8  0.545  0.494    94.78    53.71    34.91    27.27    22.29  2 -1.08e-07      0.00 7.074e-01 2.862e-01 9.827e-04 7.945e-04 2.650e-03 -1.000 6.389e-03 -3.867 -0.109 -0.960 -1.825 -2.465 -2.813 -4.034 -4.208
0.0060543 -0.40000 9.29003 1.6055849791 2.5469290957    1.496  3.316  3.5651  0.510    8  0.545  0.496    63.41    37.55    24.81    19.27    15.74  2 -5.93e-08      0.00 7.074e-01 2.863e-01 9.869e-04 7.945e-04 2.651e-03 -1.000 6.394e-03 -3.519 -0.199 -1.014 -1.879 -2.473 -2.819 -3.795 -3.940
0.0060543 -0.40000 9.29003 1.6055864096 2.5469291965    1.496  3.092  3.5888  0.828    8  0.545  0.500    33.21    21.11    14.31    11.02     8.99  3 -2.19e-08      0.00 7.073e-01 2.863e-01 9.942e-04 7.944e-04 2.651e-03 -1.000 6.402e-03 -2.959 -0.198 -0.941 -1.757 -2.280 -2.609 -3.362 -3.478
0.0060543 -0.40000 9.29003 1.6055883169 2.5469293309    1.494  3.095  3.5884  0.823    8  0.545  0.505    33.58    21.32    14.45    11.13     9.08  3 -2.23e-08      0.00 7.072e-01 2.864e-01 1.004e-03 7.943e-04 2.652e-03 -1.000 6.413e-03 -2.968 -0.198 -0.942 -1.760 -2.284 -2.614 -3.369 -3.486
0.0060543 -0.40000 9.29003 1.6055910587 2.5469295240    1.493  3.181  3.5793  0.700    8  0.546  0.511    43.05    26.60    17.84    13.79    11.25  2 -3.29e-08      0.00 7.071e-01 2.864e-01 1.016e-03 7.942e-04 2.653e-03 -1.000 6.426e-03 -3.182 -0.211 -0.985 -1.829 -2.381 -2.719 -3.540 -3.666
0.0060543 -0.40000 9.29003 1.6055943966 2.5469297592    1.491  3.323  3.5642  0.497    8  0.546  0.516    64.99    38.38    25.33    19.68    16.07  2 -6.19e-08      0.00 7.070e-01 2.865e-01 1.028e-03 7.941e-04 2.654e-03 -1.000 6.440e-03 -3.537 -0.192 -1.009 -1.874 -2.471 -2.818 -3.807 -3.954
0.0060543 -0.40000 9.29003 1.6055984497 2.5469300447    1.489  3.451  3.5504  0.313    8  0.546  0.522    94.45    53.54    34.80    27.18    22.22  2 -1.08e-07      0.00 7.069e-01 2.866e-01 1.039e-03 7.940e-04 2.655e-03 -1.000 6.453e-03 -3.859 -0.100 -0.950 -1.815 -2.455 -2.803 -4.025 -4.199
0.0060543 -0.40000 9.29003 1.6056032181 2.5469303806    1.487  3.537  3.5412  0.190    8  0.547  0.526   121.14    66.81    43.00    33.70    27.55  2 -1.57e-07      0.00 7.068e-01 2.867e-01 1.048e-03 7.939e-04 2.656e-03 -1.000 6.463e-03 -4.072 0.015 -0.849 -1.693 -2.363 -2.707 -4.144 -4.341
0.0060543 -0.40000 9.29003 1.6056088209 2.5469307753    1.484  3.580  3.5364  0.127    8  0.547  0.527   137.71    74.87    47.94    37.63    30.78  1 -1.89e-07      0.00 7.067e-01 2.868e-01 1.050e-03 7.938e-04 2.657e-03 -1.000 6.467e-03 -4.180 0.091 -0.775 -1.604 -2.291 -2.633 -4.194 -4.405
0.0060543 -0.40000 9.29003 1.6056151390 2.5469312204    1.480  3.597  3.5343  0.100    8  0.548  0.524   145.28    78.52    50.16    39.41    32.24  1 -2.05e-07      0.00 7.067e-01 2.868e-01 1.044e-03 7.938e-04 2.658e-03 -1.000 6.462e-03 -4.223 0.129 -0.738 -1.559 -2.254 -2.594 -4.211 -4.428
0.0060543 -0.40000 9.29003 1.6056221724 2.5469317159    1.477  3.605  3.5333  0.088    8  0.549  0.515   148.87    80.23    51.20    40.24    32.92  1 -2.13e-07      0.00 7.067e-01 2.868e-01 1.026e-03 7.938e-04 2.658e-03 -1.000 6.444e-03 -4.241 0.150 -0.717 -1.534 -2.233 -2.572 -4.216 -4.436
0.0060543 -0.40000 9.29003 1.6056224108 2.5469317327    1.477  3.487  3.5461  0.257    8  0.549  0.638   105.60    59.10    38.24    29.92    24.46  2 -1.29e-07      0.00 7.053e-01 2.880e-01 1.278e-03 7.922e-04 2.670e-03 -1.000 6.716e-03 -3.946 -0.036 -0.893 -1.748 -2.402 -2.748 -4.070 -4.254
0.0060543 -0.40000 9.29003 1.6056230068 2.5469317747    1.476  3.348  3.5610  0.455    8  0.549  0.639    70.68    41.35    27.19    21.16    17.28  2 -7.13e-08      0.00 7.053e-01 2.880e-01 1.279e-03 7.922e-04 2.670e-03 -1.000 6.717e-03 -3.601 -0.167 -0.993 -1.862 -2.469 -2.816 -3.850 -4.002
0.0060543 -0.40000 9.29003 1.6056243181 2.5469318671    1.476  3.125  3.5851  0.774    8  0.549  0.640    36.90    23.19    15.65    12.08     9.85  3 -2.66e-08      0.00 7.053e-01 2.880e-01 1.281e-03 7.922e-04 2.670e-03 -1.000 6.720e-03 -3.042 -0.199 -0.955 -1.782 -2.317 -2.649 -3.428 -3.548
0.0060543 -0.40000 9.29003 1.6056261063 2.5469319930    1.474  3.128  3.5847  0.769    8  0.549  0.641    37.31    23.42    15.80    12.19     9.95  3 -2.71e-08      0.00 7.052e-01 2.880e-01 1.283e-03 7.922e-04 2.670e-03 -1.000 6.723e-03 -3.051 -0.199 -0.956 -1.784 -2.321 -2.654 -3.435 -3.555
0.0060543 -0.40000 9.29003 1.6056286097 2.5469321694    1.473  3.213  3.5756  0.648    8  0.549  0.642    47.72    29.15    19.47    15.08    12.30  2 -3.96e-08      0.00 7.052e-01 2.881e-01 1.285e-03 7.921e-04 2.671e-03 -1.000 6.725e-03 -3.262 -0.200 -0.986 -1.837 -2.401 -2.742 -3.599 -3.730
0.0060543 -0.40000 9.29003 1.6056315899 2.5469323793    1.471  3.351  3.5604  0.448    8  0.549  0.641    71.59    41.82    27.48    21.40    17.48  2 -7.31e-08      0.00 7.052e-01 2.881e-01 1.285e-03 7.921e-04 2.671e-03 -1.000 6.725e-03 -3.609 -0.159 -0.987 -1.857 -2.465 -2.813 -3.854 -4.007
0.0060543 -0.40000 9.29003 1.6056352854 2.5469326396    1.469  3.477  3.5467  0.267    8  0.550  0.639   103.42    58.01    37.56    29.39    24.02  2 -1.26e-07      0.00 7.052e-01 2.881e-01 1.281e-03 7.921e-04 2.671e-03 -1.000 6.721e-03 -3.923 -0.036 -0.891 -1.748 -2.399 -2.746 -4.052 -4.235
0.0060543 -0.40000 9.29003 1.6056396961 2.5469329503    1.466  3.560  3.5376  0.146    8  0.550  0.635   132.06    72.08    46.22    36.28    29.67  1 -1.81e-07      0.00 7.052e-01 2.881e-01 1.271e-03 7.922e-04 2.671e-03 -1.000 6.711e-03 -4.130 0.092 -0.773 -1.605 -2.288 -2.630 -4.160 -4.367
0.0060543 -0.40000 9.29003 1.6056448221 2.5469333114    1.463  3.602  3.5328  0.084    8  0.551  0.626   149.70    80.57    51.40    40.42    33.06  1 -2.17e-07      0.00 7.053e-01 2.880e-01 1.254e-03 7.922e-04 2.671e-03 -1.000 6.693e-03 -4.235 0.175 -0.691 -1.507 -2.207 -2.546 -4.203 -4.425
0.0060543 -0.40000 9.29003 1.6056505442 2.5469337145    1.459  3.619  3.5308  0.059    8  0.551  0.611   157.68    84.37    53.71    42.26    34.58  1 -2.35e-07      0.00 7.054e-01 2.880e-01 1.224e-03 7.923e-04 2.670e-03 -1.000 6.662e-03 -4.277 0.214 -0.652 -1.460 -2.168 -2.505 -4.218 -4.446
0.0060543 -0.40000 9.29003 1.6056569815 2.5469341680    1.455  3.626  3.5299  0.047    8  0.552  0.590   161.40    86.12    54.77    43.12    35.27  1 -2.43e-07      0.00 7.056e-01 2.878e-01 1.181e-03 7.925e-04 2.669e-03 -1.000 6.616e-03 -4.294 0.236 -0.631 -1.435 -2.146 -2.483 -4.222 -4.453
0.0060543 -0.40000 9.29003 1.6056572199 2.5469341848    1.455  3.515  3.5420  0.206    8  0.552  0.795   116.88    64.64    41.64    32.64    26.69  2 -1.53e-07      0.00 7.033e-01 2.896e-01 1.602e-03 7.900e-04 2.687e-03 -1.000 7.071e-03 -4.019 0.036 -0.826 -1.671 -2.338 -2.683 -4.100 -4.294
0.0060543 -0.40000 9.29003 1.6056578159 2.5469342267    1.455  3.378  3.5570  0.402    8  0.552  0.794    78.31    45.28    29.64    23.11    18.88  2  -8.5e-08      0.00 7.033e-01 2.896e-01 1.600e-03 7.900e-04 2.687e-03 -1.000 7.069e-03 -3.676 -0.122 -0.958 -1.826 -2.446 -2.794 -3.895 -4.055
0.0060543 -0.40000 9.29003 1.6056588888 2.5469343023    1.454  3.156  3.5815  0.723    8  0.552  0.792    40.80    25.37    17.04    13.18    10.75  2 -3.19e-08      0.00 7.033e-01 2.896e-01 1.596e-03 7.901e-04 2.687e-03 -1.000 7.064e-03 -3.119 -0.194 -0.963 -1.801 -2.347 -2.684 -3.488 -3.611
0.0060543 -0.40000 9.29003 1.6056605577 2.5469344199    1.452  3.159  3.5810  0.717    8  0.552  0.789    41.26    25.62    17.21    13.31    10.85  2 -3.25e-08      0.00 7.034e-01 2.896e-01 1.590e-03 7.901e-04 2.686e-03 -1.000 7.057e-03 -3.128 -0.193 -0.963 -1.803 -2.351 -2.687 -3.494 -3.618
0.0060543 -0.40000 9.29003 1.6056628227 2.5469345794    1.451  3.242  3.5719  0.597    8  0.552  0.785    52.67    31.83    21.17    16.42    13.40  2 -4.72e-08      0.00 7.034e-01 2.895e-01 1.580e-03 7.902e-04 2.686e-03 -1.000 7.047e-03 -3.335 -0.185 -0.982 -1.841 -2.416 -2.759 -3.652 -3.787
0.0060543 -0.40000 9.29003 1.6056656837 2.5469347810    1.448  3.378  3.5568  0.400    8  0.553  0.778    78.58    45.42    29.72    23.18    18.94  2  -8.6e-08      0.00 7.035e-01 2.894e-01 1.567e-03 7.903e-04 2.685e-03 -1.000 7.032e-03 -3.675 -0.115 -0.951 -1.819 -2.439 -2.787 -3.892 -4.052
0.0060543 -0.40000 9.29003 1.6056690216 2.5469350161    1.445  3.501  3.5432  0.222    8  0.553  0.769   112.90    62.66    40.42    31.68    25.89  2 -1.46e-07      0.00 7.036e-01 2.894e-01 1.548e-03 7.904e-04 2.684e-03 -1.000 7.012e-03 -3.982 0.030 -0.830 -1.677 -2.341 -2.686 -4.075 -4.267
0.0060543 -0.40000 9.29003 1.6056730747 2.5469353016    1.442  3.582  3.5341  0.103    8  0.553  0.757   143.59    77.57    49.55    38.96    31.87  1 -2.08e-07      0.00 7.037e-01 2.893e-01 1.523e-03 7.905e-04 2.683e-03 -1.000 6.985e-03 -4.185 0.173 -0.693 -1.512 -2.208 -2.547 -4.170 -4.387
0.0060543 -0.40000 9.29003 1.6056777239 2.5469356291    1.438  3.623  3.5294  0.043    8  0.554  0.740   162.42    86.52    55.00    43.32    35.44  1 -2.49e-07      0.00 7.039e-01 2.891e-01 1.490e-03 7.907e-04 2.682e-03 -1.000 6.949e-03 -4.287 0.264 -0.601 -1.403 -2.116 -2.452 -4.206 -4.439
0.0060543 -0.40000 9.29003 1.6056829691 2.5469359985    1.434  3.639  3.5275  0.017    8  0.554  0.719   170.93    90.52    57.42    45.26    37.03  1 -2.69e-07      0.00 7.041e-01 2.890e-01 1.446e-03 7.909e-04 2.681e-03 -1.000 6.903e-03 -4.328 0.316 -0.545 -1.339 -2.061 -2.396 -4.210 -4.451
0.0060543 -0.40000 9.29003 1.6056889296 2.5469364184    1.429  3.646  3.5266  0.006    8  0.555  0.691   174.90    92.36    58.53    46.16    37.76  1 -2.79e-07      0.00 7.043e-01 2.888e-01 1.389e-03 7.912e-04 2.679e-03 -1.000 6.843e-03 -4.345 0.342 -0.517 -1.307 -2.034 -2.368 -4.210 -4.455
0.0060543 -0.40000 9.29003 1.6056890488 2.5469364268    1.429  3.543  3.5380  0.154    8  0.555  0.949   129.21    70.59    45.28    35.56    29.08  1 -1.81e-07      0.00 7.018e-01 2.908e-01 1.921e-03 7.884e-04 2.698e-03 -1.000 7.412e-03 -4.087 0.119 -0.746 -1.579 -2.261 -2.603 -4.121 -4.327
0.0060543 -0.40000 9.29003 1.6056896448 2.5469364688    1.428  3.407  3.5530  0.350    8  0.555  0.947    86.73    49.55    32.29    25.23    20.61  2 -1.02e-07      0.00 7.018e-01 2.908e-01 1.916e-03 7.884e-04 2.698e-03 -1.000 7.407e-03 -3.747 -0.069 -0.913 -1.779 -2.410 -2.759 -3.934 -4.102
0.0060543 -0.40000 9.29003 1.6056907177 2.5469365443    1.427  3.184  3.5775  0.670    8  0.555  0.943    45.17    27.77    18.57    14.39    11.74  2 -3.85e-08      0.00 7.019e-01 2.907e-01 1.908e-03 7.884e-04 2.698e-03 -1.000 7.397e-03 -3.191 -0.175 -0.956 -1.804 -2.362 -2.701 -3.540 -3.668
0.0060543 -0.40000 9.29003 1.6056922674 2.5469366535    1.425  3.188  3.5771  0.664    8  0.555  0.936    45.69    28.05    18.75    14.53    11.86  2 -3.92e-08      0.00 7.019e-01 2.907e-01 1.894e-03 7.885e-04 2.697e-03 -1.000 7.383e-03 -3.200 -0.173 -0.955 -1.804 -2.363 -2.703 -3.545 -3.674
0.0060543 -0.40000 9.29003 1.6056942940 2.5469367962    1.423  3.270  3.5679  0.545    8  0.555  0.928    58.20    34.77    23.02    17.90    14.61  2 -5.66e-08      0.00 7.020e-01 2.906e-01 1.876e-03 7.886e-04 2.696e-03 -1.000 7.363e-03 -3.404 -0.155 -0.963 -1.827 -2.413 -2.758 -3.697 -3.838
0.0060543 -0.40000 9.29003 1.6056969166 2.5469369810    1.420  3.403  3.5529  0.351    8  0.556  0.916    86.39    49.37    32.17    25.15    20.54  2 -1.02e-07      0.00 7.021e-01 2.905e-01 1.851e-03 7.887e-04 2.696e-03 -1.000 7.337e-03 -3.737 -0.059 -0.903 -1.768 -2.400 -2.748 -3.924 -4.092
0.0060543 -0.40000 9.29003 1.6057000160 2.5469371993    1.416  3.523  3.5394  0.175    8  0.556  0.900   123.53    67.79    43.55    34.20    27.96  1 -1.71e-07      0.00 7.023e-01 2.904e-01 1.819e-03 7.889e-04 2.695e-03 -1.000 7.303e-03 -4.038 0.112 -0.752 -1.590 -2.265 -2.608 -4.090 -4.292
0.0060543 -0.40000 9.29003 1.6057035923 2.5469374512    1.412  3.603  3.5303  0.058    8  0.556  0.881   156.69    83.70    53.26    41.96    34.32  1 -2.42e-07      0.00 7.024e-01 2.903e-01 1.779e-03 7.891e-04 2.693e-03 -1.000 7.260e-03 -4.236 0.275 -0.591 -1.396 -2.105 -2.442 -4.169 -4.399
0.0060543 -0.40000 9.29003 1.6057078838 2.5469377535    1.407  3.642  3.5255 -0.002    8  0.557  0.856   177.12    93.28    59.06    46.61    38.13  0 -2.89e-07      0.00 7.026e-01 2.901e-01 1.729e-03 7.893e-04 2.692e-03 -1.000 7.207e-03 -4.336 0.396 -0.460 -1.245 -1.975 -2.308 -4.183 -4.432
0.0060543 -0.40000 9.29003 1.6057127714 2.5469380977    1.401  3.658  3.5235 -0.028    8  0.557  0.826   186.52    97.62    61.68    48.72    39.86  0 -3.12e-07      0.00 7.029e-01 2.900e-01 1.667e-03 7.896e-04 2.691e-03 -1.000 7.142e-03 -4.375 0.456 -0.395 -1.171 -1.912 -2.243 -4.183 -4.441
0.0060543 -0.40000 9.29003 1.6057181358 2.5469384756    1.394  3.664  3.5224 -0.040    8  0.558  0.789   191.10    99.70    62.93    49.73    40.68  0 -3.25e-07      0.00 7.032e-01 2.898e-01 1.592e-03 7.899e-04 2.689e-03 -1.000 7.063e-03 -4.391 0.489 -0.360 -1.131 -1.876 -2.207 -4.180 -4.441
0.0060543 -0.40000 9.29003 1.6057184935 2.5469385008    1.394  3.568  3.5333  0.100    8  0.558  1.093   143.62    77.41    49.42    38.90    31.81  1 -8.84e-08      0.00 7.005e-01 2.918e-01 2.219e-03 7.869e-04 2.707e-03  7.351 7.729e-03 -4.150 -0.432 -1.413 -2.372 -3.004 -3.373 -4.191 -4.374
0.0060543 -0.40000 9.29003 1.6057195663 2.5469385763    1.393  3.433  3.5486  0.295    8  0.558  1.095    96.44    54.39    35.28    27.63    22.57  2 -2.22e-08      0.00 7.005e-01 2.918e-01 2.224e-03 7.869e-04 2.707e-03  7.363 7.734e-03 -3.814 -0.445 -1.358 -2.266 -2.842 -3.192 -3.952 -4.117
0.0060543 -0.40000 9.29003 1.6057215929 2.5469387191    1.392  3.213  3.5738  0.616    8  0.558  1.100    50.04    30.41    20.25    15.72    12.83  2 -2.28e-09      0.00 7.004e-01 2.918e-01 2.233e-03 7.869e-04 2.707e-03  7.383 7.744e-03 -3.261 -0.426 -1.233 -2.062 -2.557 -2.878 -3.550 -3.690
0.0060543 -0.40000 9.29003 1.6057245731 2.5469389290    1.390  3.217  3.5737  0.611    8  0.558  1.106    50.60    30.71    20.44    15.87    12.95  2  -2.4e-09      0.00 7.004e-01 2.918e-01 2.246e-03 7.868e-04 2.707e-03  7.408 7.757e-03 -3.273 -0.435 -1.243 -2.072 -2.567 -2.889 -3.561 -3.701
0.0060543 -0.40000 9.29003 1.6057285070 2.5469392061    1.386  3.299  3.5649  0.492    8  0.559  1.113    64.42    38.03    25.07    19.53    15.94  2 -5.62e-09      0.00 7.004e-01 2.919e-01 2.260e-03 7.868e-04 2.707e-03  7.437 7.772e-03 -3.478 -0.472 -1.313 -2.167 -2.686 -3.017 -3.717 -3.866
0.0060543 -0.40000 9.29003 1.6057333946 2.5469395503    1.383  3.432  3.5501  0.299    8  0.559  1.120    95.41    53.85    34.94    27.37    22.35  2 -2.22e-08      0.00 7.003e-01 2.919e-01 2.275e-03 7.868e-04 2.708e-03  7.464 7.788e-03 -3.809 -0.469 -1.377 -2.282 -2.853 -3.202 -3.957 -4.121
0.0060543 -0.40000 9.29003 1.6057394743 2.5469399785    1.378  3.551  3.5366  0.124    8  0.560  1.127   136.22    73.80    47.20    37.15    30.37  1 -7.68e-08      0.00 7.003e-01 2.919e-01 2.288e-03 7.867e-04 2.708e-03  7.487 7.802e-03 -4.108 -0.461 -1.430 -2.380 -3.000 -3.365 -4.171 -4.350
0.0060543 -0.40000 9.29003 1.6057465076 2.5469404739    1.372  3.631  3.5277  0.008    8  0.561  1.131   172.75    91.05    57.68    45.55    37.25  0 -1.76e-07      0.00 7.003e-01 2.919e-01 2.297e-03 7.867e-04 2.708e-03  7.501 7.811e-03 -4.306 -0.443 -1.455 -2.436 -3.091 -3.467 -4.310 -4.499
0.0060543 -0.40000 9.29003 1.6057547331 2.5469410532    1.366  3.672  3.5233 -0.053    8  0.562  1.132   195.39   101.50    63.98    50.61    41.40  0 -2.72e-07      0.00 7.003e-01 2.919e-01 2.298e-03 7.867e-04 2.708e-03  7.502 7.812e-03 -4.409 -0.454 -1.482 -2.473 -3.143 -3.523 -4.383 -4.578
0.0060543 -0.40000 9.29003 1.6057640314 2.5469417081    1.359  3.689  3.5217 -0.079    8  0.562  1.126   205.99   106.30    66.86    52.93    43.31  0 -3.32e-07      0.00 7.003e-01 2.919e-01 2.287e-03 7.867e-04 2.708e-03  7.484 7.800e-03 -4.453 -0.466 -1.500 -2.494 -3.170 -3.551 -4.417 -4.614
0.0060543 -0.40000 9.29003 1.6057745218 2.5469424470    1.351  3.698  3.5214 -0.092    8  0.564  1.112   211.25   108.64    68.26    54.07    44.23  0 -3.69e-07      0.00 7.003e-01 2.919e-01 2.259e-03 7.868e-04 2.708e-03  7.433 7.771e-03 -4.476 -0.481 -1.516 -2.511 -3.188 -3.570 -4.437 -4.634
0.0060543 -0.40000 9.29003 1.6057748795 2.5469424722    1.351  3.614  3.5321  0.034    8  0.564  1.526   163.06    86.40    54.85    43.30    35.40  1 -1.55e-07      0.00 6.971e-01 2.942e-01 3.120e-03 7.832e-04 2.726e-03  8.109 8.681e-03 -4.266 -0.496 -1.492 -2.461 -3.102 -3.473 -4.299 -4.483
0.0060543 -0.40000 9.29003 1.6057759523 2.5469425477    1.349  3.482  3.5490  0.234    8  0.564  1.526   108.38    60.21    38.84    30.50    24.92  1 -3.93e-08      0.00 6.971e-01 2.942e-01 3.120e-03 7.832e-04 2.726e-03  8.109 8.681e-03 -3.935 -0.549 -1.470 -2.384 -2.963 -3.314 -4.075 -4.241
0.0060543 -0.40000 9.29003 1.6057778597 2.5469426821    1.347  3.262  3.5772  0.566    8  0.564  1.526    54.98    33.04    21.90    17.05    13.90  2 -4.04e-09      0.00 6.971e-01 2.942e-01 3.119e-03 7.832e-04 2.726e-03  8.109 8.680e-03 -3.386 -0.591 -1.396 -2.221 -2.710 -3.030 -3.693 -3.830
0.0060543 -0.40000 9.29003 1.6057807207 2.5469428836    1.344  3.267  3.5767  0.558    8  0.564  1.525    55.82    33.48    22.18    17.27    14.09  2 -4.27e-09      0.00 6.971e-01 2.942e-01 3.118e-03 7.832e-04 2.726e-03  8.108 8.679e-03 -3.397 -0.594 -1.400 -2.227 -2.717 -3.037 -3.702 -3.839
0.0060543 -0.40000 9.29003 1.6057845354 2.5469431522    1.339  3.347  3.5664  0.435    8  0.565  1.525    71.68    41.76    27.39    21.40    17.46  2 -9.92e-09      0.00 6.971e-01 2.942e-01 3.116e-03 7.833e-04 2.725e-03  8.108 8.677e-03 -3.598 -0.595 -1.441 -2.298 -2.817 -3.148 -3.846 -3.994
0.0060543 -0.40000 9.29003 1.6057894230 2.5469434965    1.334  3.475  3.5498  0.239    8  0.565  1.523   106.97    59.47    38.38    30.15    24.63  1 -3.79e-08      0.00 6.972e-01 2.942e-01 3.114e-03 7.833e-04 2.725e-03  8.107 8.674e-03 -3.918 -0.548 -1.466 -2.378 -2.954 -3.305 -4.063 -4.228
0.0060543 -0.40000 9.29003 1.6057952642 2.5469439078    1.327  3.590  3.5346  0.061    8  0.566  1.522   153.79    81.93    52.11    41.14    33.63  1 -1.27e-07      0.00 6.972e-01 2.941e-01 3.110e-03 7.833e-04 2.725e-03  8.105 8.671e-03 -4.205 -0.494 -1.478 -2.439 -3.070 -3.439 -4.255 -4.436
0.0060543 -0.40000 9.29003 1.6058021784 2.5469443948    1.319  3.666  3.5242 -0.059    8  0.567  1.520   196.53   101.68    64.04    50.72    41.48  0 -2.87e-07      0.00 6.972e-01 2.941e-01 3.106e-03 7.833e-04 2.725e-03  8.104 8.666e-03 -4.395 -0.451 -1.478 -2.467 -3.136 -3.515 -4.372 -4.566
0.0060543 -0.40000 9.29003 1.6058101654 2.5469449573    1.310  3.705  3.5184 -0.125    8  0.568  1.517   224.52   114.29    71.59    56.82    46.48  0 -4.42e-07      0.01 6.972e-01 2.941e-01 3.100e-03 7.834e-04 2.725e-03  8.101 8.660e-03 -4.493 -0.423 -1.470 -2.473 -3.161 -3.546 -4.426 -4.628
0.0060543 -0.40000 9.29003 1.6058192253 2.5469455953    1.299  3.722  3.5152 -0.158    8  0.569  1.513   235.36   121.10    75.65    60.10    49.17  0 -5.43e-07      0.01 6.972e-01 2.941e-01 3.092e-03 7.834e-04 2.725e-03  8.098 8.651e-03 -4.536 -0.395 -1.454 -2.464 -3.163 -3.550 -4.445 -4.650
0.0060543 -0.40000 9.29003 1.6058293581 2.5469463089    1.288  3.731  3.5129 -0.180    8  0.570  1.508   242.29   125.68    78.36    62.32    50.98  0 -6.14e-07      0.01 6.972e-01 2.941e-01 3.081e-03 7.834e-04 2.725e-03  8.093 8.640e-03 -4.558 -0.367 -1.434 -2.449 -3.155 -3.545 -4.450 -4.658
0.0060543 -0.40000 9.29003 1.6058295965 2.5469463257    1.288  3.660  3.5226 -0.070    8  0.570  1.929   200.07   103.06    64.83    51.41    42.04  0 -2.93e-07      0.02 6.941e-01 2.963e-01 3.963e-03 7.799e-04 2.740e-03  8.360 9.572e-03 -4.380 -0.358 -1.394 -2.390 -3.069 -3.451 -4.319 -4.516
0.0060543 -0.40000 9.29003 1.6058306694 2.5469464013    1.287  3.530  3.5404  0.131    8  0.570  1.929   132.38    71.61    45.79    36.12    29.51  1 -7.56e-08      0.00 6.941e-01 2.963e-01 3.963e-03 7.799e-04 2.740e-03  8.360 9.573e-03 -4.054 -0.471 -1.430 -2.371 -2.982 -3.344 -4.137 -4.313
0.0060543 -0.40000 9.29003 1.6058324575 2.5469465272    1.285  3.311  3.5703  0.469    8  0.570  1.929    66.22    38.89    25.56    19.98    16.30  2 -7.79e-09      0.00 6.941e-01 2.963e-01 3.963e-03 7.799e-04 2.740e-03  8.360 9.573e-03 -3.508 -0.582 -1.413 -2.259 -2.767 -3.093 -3.778 -3.922
0.0060543 -0.40000 9.29003 1.6058350801 2.5469467119    1.282  3.316  3.5696  0.461    8  0.571  1.929    67.32    39.45    25.91    20.26    16.53  2 -8.23e-09      0.00 6.942e-01 2.963e-01 3.964e-03 7.799e-04 2.740e-03  8.360 9.574e-03 -3.520 -0.580 -1.413 -2.261 -2.771 -3.099 -3.786 -3.931
0.0060543 -0.40000 9.29003 1.6058385372 2.5469469554    1.279  3.394  3.5588  0.338    8  0.571  1.930    86.55    49.22    32.01    25.11    20.49  1 -1.88e-08      0.00 6.942e-01 2.963e-01 3.965e-03 7.799e-04 2.740e-03  8.360 9.575e-03 -3.715 -0.548 -1.426 -2.309 -2.854 -3.194 -3.920 -4.075
0.0060543 -0.40000 9.29003 1.6058429480 2.5469472660    1.274  3.517  3.5417  0.145    8  0.572  1.930   128.54    69.73    44.63    35.20    28.75  1 -6.86e-08      0.00 6.942e-01 2.963e-01 3.965e-03 7.800e-04 2.739e-03  8.361 9.576e-03 -4.023 -0.469 -1.423 -2.360 -2.966 -3.326 -4.115 -4.289
0.0060543 -0.40000 9.29003 1.6058483124 2.5469476437    1.269  3.628  3.5263 -0.029    8  0.572  1.931   183.56    95.39    60.20    47.70    39.00  0 -2.19e-07      0.02 6.942e-01 2.963e-01 3.966e-03 7.800e-04 2.739e-03  8.361 9.577e-03 -4.299 -0.364 -1.387 -2.374 -3.040 -3.418 -4.271 -4.463
0.0060543 -0.40000 9.29003 1.6058546305 2.5469480887    1.263  3.700  3.5158 -0.146    8  0.573  1.931   228.72   117.66    73.55    58.47    47.82  0 -4.77e-07      0.04 6.942e-01 2.963e-01 3.967e-03 7.800e-04 2.739e-03  8.361 9.578e-03 -4.481 -0.269 -1.333 -2.349 -3.054 -3.444 -4.346 -4.552
0.0060543 -0.40000 9.29003 1.6058619022 2.5469486008    1.256  3.738  3.5100 -0.209    8  0.574  1.931   250.75   131.68    81.89    65.22    53.35  0 -7.18e-07      0.07 6.942e-01 2.963e-01 3.968e-03 7.800e-04 2.739e-03  8.361 9.579e-03 -4.575 -0.169 -1.260 -2.296 -3.028 -3.425 -4.360 -4.575
0.0060543 -0.40000 9.29003 1.6058702469 2.5469491884    1.248  3.754  3.5069 -0.240    8  0.575  1.932   262.19   139.15    86.31    68.81    56.30  0 -8.71e-07      0.09 6.941e-01 2.963e-01 3.969e-03 7.800e-04 2.739e-03  8.361 9.579e-03 -4.615 -0.102 -1.210 -2.258 -3.006 -3.407 -4.362 -4.581
0.0060543 -0.40000 9.29003 1.6058795452 2.5469498432    1.239  3.762  3.5046 -0.261    8  0.576  1.932   269.65   144.14    89.25    71.21    58.26  0 -9.76e-07      0.10 6.941e-01 2.963e-01 3.970e-03 7.800e-04 2.740e-03  8.361 9.580e-03 -4.636 -0.048 -1.168 -2.224 -2.984 -3.387 -4.356 -4.579
0.0060543 -0.40000 9.29003 1.6058797836 2.5469498600    1.238  3.704  3.5127 -0.171    8  0.576  2.352   235.51   122.40    76.34    60.77    49.70  0 -5.32e-07      0.08 6.911e-01 2.984e-01 4.854e-03 7.766e-04 2.752e-03  8.527 1.052e-02 -4.490 -0.130 -1.211 -2.241 -2.966 -3.361 -4.285 -4.498
0.0060543 -0.40000 9.29003 1.6058807373 2.5469499271    1.236  3.576  3.5303  0.028    8  0.577  2.351   162.54    85.50    54.19    42.92    35.07  0 -1.41e-07      0.02 6.911e-01 2.984e-01 4.852e-03 7.766e-04 2.752e-03  8.527 1.052e-02 -4.170 -0.314 -1.321 -2.297 -2.949 -3.324 -4.161 -4.349
0.0060543 -0.40000 9.29003 1.6058824062 2.5469500446    1.233  3.359  3.5603  0.364    8  0.577  2.350    81.38    46.54    30.32    23.79    19.41  1 -1.47e-08      0.00 6.911e-01 2.984e-01 4.850e-03 7.766e-04 2.752e-03  8.526 1.051e-02 -3.626 -0.494 -1.366 -2.242 -2.780 -3.118 -3.838 -3.993
0.0060543 -0.40000 9.29003 1.6058849096 2.5469502209    1.228  3.363  3.5593  0.353    8  0.577  2.348    83.07    47.38    30.83    24.21    19.75  1 -1.57e-08      0.00 6.911e-01 2.983e-01 4.847e-03 7.766e-04 2.752e-03  8.526 1.051e-02 -3.638 -0.483 -1.359 -2.238 -2.781 -3.120 -3.843 -3.999
0.0060543 -0.40000 9.29003 1.6058882475 2.5469504560    1.221  3.439  3.5481  0.230    8  0.578  2.347   106.98    59.15    38.10    30.03    24.51  1 -3.54e-08      0.00 6.912e-01 2.983e-01 4.843e-03 7.766e-04 2.752e-03  8.525 1.051e-02 -3.828 -0.416 -1.341 -2.258 -2.841 -3.193 -3.958 -4.125
0.0060543 -0.40000 9.29003 1.6058923006 2.5469507414    1.212  3.558  3.5308  0.039    8  0.578  2.345   158.25    83.36    52.88    41.89    34.22  0 -1.25e-07      0.02 6.912e-01 2.983e-01 4.840e-03 7.766e-04 2.752e-03  8.525 1.050e-02 -4.125 -0.288 -1.291 -2.265 -2.914 -3.288 -4.123 -4.310
0.0060543 -0.40000 9.29003 1.6058974266 2.5469511024    1.202  3.663  3.5150 -0.133    8  0.579  2.345   220.26   113.58    71.03    56.54    46.22  0 -3.88e-07      0.06 6.912e-01 2.983e-01 4.839e-03 7.767e-04 2.752e-03  8.525 1.050e-02 -4.389 -0.128 -1.196 -2.217 -2.928 -3.319 -4.228 -4.436
0.0060543 -0.40000 9.29003 1.6059033871 2.5469515221    1.190  3.733  3.5040 -0.251    8  0.580  2.345   261.84   140.13    86.79    69.33    56.70  0  -8.3e-07      0.12 6.912e-01 2.983e-01 4.841e-03 7.767e-04 2.752e-03  8.525 1.051e-02 -4.562 0.079 -1.046 -2.106 -2.871 -3.276 -4.252 -4.476
0.0060543 -0.40000 9.29003 1.6059101820 2.5469520005    1.176  3.768  3.4974 -0.318    8  0.581  2.348   288.33   157.64    97.10    77.73    63.58  0 -3.84e-08      0.00 6.911e-01 2.983e-01 4.847e-03 7.766e-04 2.752e-03  8.526 1.051e-02 -4.650 -0.137 -1.268 -2.322 -3.083 -3.486 -4.464 -4.689
0.0060543 -0.40000 9.29003 1.6059180498 2.5469525546    1.160  3.783  3.4933 -0.355    8  0.582  2.354   303.70   168.13   103.22    82.76    67.70  0 -5.56e-08      0.00 6.911e-01 2.984e-01 4.859e-03 7.766e-04 2.752e-03  8.528 1.052e-02 -4.688 -0.076 -1.226 -2.293 -3.071 -3.477 -4.477 -4.707
0.0060543 -0.40000 9.29003 1.6059267521 2.5469531673    1.143  3.791  3.4898 -0.383    8  0.583  2.364   315.25   176.20   107.91    86.62    70.86  0 -8.91e-08      0.01 6.910e-01 2.984e-01 4.880e-03 7.765e-04 2.753e-03  8.531 1.055e-02 -4.707 -0.006 -1.174 -2.250 -3.042 -3.452 -4.470 -4.705
0.0060543 -0.40000 9.29003 1.6059269905 2.5469531841    1.141  3.745  3.4958 -0.314    8  0.583  2.730   283.94   155.49    95.76    76.73    62.75  0 -1.21e-07      0.02 6.884e-01 3.002e-01 5.657e-03 7.736e-04 2.762e-03  8.637 1.138e-02 -4.593 0.001 -1.141 -2.201 -2.973 -3.377 -4.369 -4.597
0.0060543 -0.40000 9.29003 1.6059278250 2.5469532429    1.137  3.619  3.5123 -0.124    8  0.583  2.728   212.78   110.15    68.90    54.93    44.88  0 -3.03e-07      0.06 6.884e-01 3.002e-01 5.651e-03 7.736e-04 2.762e-03  8.637 1.137e-02 -4.278 0.040 -1.036 -2.062 -2.782 -3.176 -4.097 -4.307
0.0060543 -0.40000 9.29003 1.6059293747 2.5469533520    1.129  3.403  3.5411  0.204    8  0.584  2.723   111.04    60.75    39.02    30.85    25.17  1 -3.27e-08      0.01 6.885e-01 3.002e-01 5.642e-03 7.736e-04 2.762e-03  8.636 1.136e-02 -3.738 -0.189 -1.135 -2.068 -2.672 -3.031 -3.820 -3.995
0.0060543 -0.40000 9.29003 1.6059317589 2.5469535199    1.118  3.408  3.5374  0.180    8  0.584  2.717   116.34    63.22    40.53    32.07    26.17  1 -3.59e-08      0.01 6.885e-01 3.002e-01 5.629e-03 7.737e-04 2.762e-03  8.634 1.135e-02 -3.749 -0.123 -1.083 -2.025 -2.642 -3.005 -3.807 -3.986
0.0060543 -0.40000 9.29003 1.6059347391 2.5469537297    1.103  3.482  3.5225  0.040    8  0.585  2.711   155.14    81.17    51.44    40.87    33.36  0 -8.31e-08      0.02 6.886e-01 3.001e-01 5.615e-03 7.738e-04 2.762e-03  8.632 1.133e-02 -3.935 0.060 -0.966 -1.957 -2.630 -3.011 -3.877 -4.073
0.0060543 -0.40000 9.29003 1.6059386730 2.5469540067    1.084  3.596  3.5002 -0.170    8  0.585  2.705   224.17   118.25    73.65    58.89    48.10  0 -6.63e-08      0.01 6.886e-01 3.001e-01 5.602e-03 7.738e-04 2.762e-03  8.631 1.132e-02 -4.220 0.212 -0.893 -1.932 -2.675 -3.074 -4.035 -4.256
0.0060543 -0.40000 9.29003 1.6059433222 2.5469543341    1.062  3.697  3.4784 -0.367    8  0.586  2.700   300.33   167.98   102.93    82.79    67.68  0 -4.41e-07      0.09 6.886e-01 3.001e-01 5.593e-03 7.738e-04 2.762e-03  8.630 1.131e-02 -4.472 0.628 -0.590 -1.699 -2.544 -2.965 -4.064 -4.314
0.0060543 -0.40000 9.29003 1.6059488058 2.5469547202    1.036  3.763  3.4608 -0.514    8  0.587  2.700   372.53   217.54   131.68   106.41    87.03  0 -1.17e-06      0.25 6.886e-01 3.001e-01 5.592e-03 7.739e-04 2.762e-03  8.629 1.131e-02 -4.637 1.223 -0.108 -1.289 -2.244 -2.689 -3.928 -4.205
0.0060543 -0.40000 9.29003 1.6059551239 2.5469551651    1.007  3.796  3.4480 -0.611    8  0.588  2.705   389.40    -1.00    -1.00    -1.00    -1.00  0 -1.83e-06      0.45 6.886e-01 3.001e-01 5.603e-03 7.738e-04 2.762e-03  8.631 1.132e-02 -4.720 1.881 0.453 -0.793 -1.852 -2.319 -3.680 -3.981
0.0060543 -0.40000 9.29003 1.6059623957 2.5469556771    0.975  3.811  3.4384 -0.678    8  0.589  2.719   370.82    -1.00    -1.00    -1.00    -1.00  0 -2.07e-06      0.51 6.885e-01 3.002e-01 5.633e-03 7.737e-04 2.762e-03  8.634 1.135e-02 -4.756 2.180 0.701 -0.574 -1.688 -2.165 -3.593 -3.906
0.0060543 -0.40000 9.29003 1.6059705019 2.5469562478    0.941  3.818  3.4305 -0.732    8  0.591  2.744   347.37    -1.00    -1.00    -1.00    -1.00  0 -2.54e-06      0.69 6.883e-01 3.003e-01 5.687e-03 7.735e-04 2.763e-03  8.641 1.141e-02 -4.774 2.727 1.180 -0.142 -1.335 -1.829 -3.340 -3.671
0.0060543 -0.40000 9.29003 1.6059707403 2.5469562646    0.939  3.785  3.4353 -0.681    8  0.591  2.957   346.18    -1.00    -1.00    -1.00    -1.00  0 -2.38e-06      0.74 6.868e-01 3.013e-01 6.140e-03 7.718e-04 2.768e-03  8.693 1.189e-02 -4.693 2.839 1.304 -0.018 -1.202 -1.698 -3.197 -3.526
0.0060543 -0.40000 9.29003 1.6059715748 2.5469563234    0.933  3.662  3.4543 -0.484    8  0.591  2.954   342.52    -1.00    -1.00    -1.00    -1.00  0  -8.4e-07      0.23 6.868e-01 3.013e-01 6.134e-03 7.718e-04 2.768e-03  8.692 1.189e-02 -4.384 1.526 0.184 -1.000 -1.966 -2.411 -3.677 -3.957
0.0060543 -0.40000 9.29003 1.6059730053 2.5469564241    0.924  3.447  3.4894 -0.134    8  0.591  2.949   200.00   106.24    66.25    53.20    43.39  0 -8.81e-08      0.03 6.868e-01 3.013e-01 6.123e-03 7.719e-04 2.768e-03  8.691 1.187e-02 -3.848 0.824 -0.315 -1.376 -2.155 -2.561 -3.580 -3.812
0.0060543 -0.40000 9.29003 1.6059750319 2.5469565668    0.909  3.452  3.4797 -0.184    8  0.592  2.943   214.83   115.91    71.97    57.90    47.23  0 -1.22e-07      0.04 6.869e-01 3.013e-01 6.109e-03 7.719e-04 2.768e-03  8.690 1.186e-02 -3.859 1.023 -0.152 -1.233 -2.044 -2.456 -3.528 -3.771
0.0060543 -0.40000 9.29003 1.6059778929 2.5469567682    0.891  3.525  3.4545 -0.367    8  0.592  2.935   282.11   160.34    98.07    79.33    64.76  0 -6.72e-07      0.23 6.869e-01 3.012e-01 6.093e-03 7.720e-04 2.768e-03  8.688 1.184e-02 -4.041 1.805 0.486 -0.688 -1.639 -2.081 -3.340 -3.617
0.0060543 -0.40000 9.29003 1.6059814692 2.5469570200    0.868  3.634  3.4204 -0.624    8  0.593  2.928   300.28    -1.00    -1.00    -1.00    -1.00  0 -1.56e-06      0.63 6.870e-01 3.012e-01 6.078e-03 7.720e-04 2.768e-03  8.686 1.183e-02 -4.315 3.099 1.566 0.253 -0.936 -1.425 -2.957 -3.286
0.0060543 -0.40000 9.29003 1.6059857607 2.5469573222    0.841  3.730  3.3897 -0.857    8  0.594  2.924   283.63    -1.00    -1.00    -1.00    -1.00  0 -3.74e-06      1.56 6.870e-01 3.012e-01 6.068e-03 7.721e-04 2.767e-03  8.685 1.182e-02 -4.555 5.256 3.482 1.975 0.498 -0.075 -1.861 -2.256
0.0060543 -0.40000 9.29003 1.6059908867 2.5469576831    0.810  3.793  3.3703 -1.013    8  0.595  2.923   265.17    -1.00    -1.00    -1.00    -1.00  0 -6.08e-06      2.38 6.870e-01 3.012e-01 6.067e-03 7.721e-04 2.767e-03  8.685 1.181e-02 -4.711 7.052 5.109 3.443 1.752 1.109 -0.865 -1.313
0.0060543 -0.40000 9.29003 1.6059967279 2.5469580944    0.776  3.824  3.3657 -1.082    8  0.596  2.929   245.34    -1.00    -1.00    -1.00    -1.00  0 -7.72e-06      3.00 6.870e-01 3.012e-01 6.079e-03 7.721e-04 2.768e-03  8.686 1.183e-02 -4.791 8.392 6.337 4.554 2.716 2.021 -0.083 -0.571
0.0060543 -0.40000 9.29003 1.6060034037 2.5469585644    0.739  3.838  3.3770 -1.072    8  0.597  2.945   224.59    -1.00    -1.00    -1.00    -1.00  0 -8.32e-06      3.22 6.869e-01 3.013e-01 6.113e-03 7.719e-04 2.768e-03  8.690 1.186e-02 -4.826 8.865 6.770 4.945 3.054 2.341 0.191 -0.312
0.0060543 -0.40000 9.29003 1.6060109138 2.5469590932    0.700  3.846  3.4048 -0.992    8  0.599  2.973   203.38    -1.00    -1.00    -1.00    -1.00  0  -6.6e-06      2.47 6.867e-01 3.014e-01 6.174e-03 7.717e-04 2.769e-03  8.697 1.193e-02 -4.844 7.123 5.164 3.482 1.770 1.120 -0.873 -1.327
0.0060543 -0.40000 9.29003 1.6060295105 2.5469604025    0.603 -9.999  4.0000  1.407    9  0.603  0.000     0.00     0.00     0.00     0.00     0.00 -1    -1e-30      0.00 6.864e-01 3.016e-01 6.269e-03 7.714e-04 2.770e-03  8.707 1.203e-02 29.767 29.978 30.013 30.019 30.015 30.013 30.018 30.009
#isochrone terminated
